trade_date,trade_time,ts_code,name,open,high,low,close,volume,amount,source,created_at,pre_close,avg_price,vwap_cum,ret_from_open,ret_from_prev_min,bar_index,session
20260804,2026-08-04 13:42:00,600150.SH,中国船舶,34.61,34.62,34.61,34.61,116800.0,4042716.0,tushare,2026-08-06 20:08:39,,34.61229452054795,36.00335535040999,0.006982833866744365,-0.0002888503755054117,29485,afternoon
20260804,2026-08-04 13:43:00,600150.SH,中国船舶,34.62,34.62,34.61,34.61,101400.0,3509632.0,tushare,2026-08-06 20:08:39,,34.61175542406312,36.003344093328344,0.006982833866744365,0.0,29486,afternoon
20260804,2026-08-04 13:44:00,600150.SH,中国船舶,34.61,34.62,34.61,34.62,135713.0,4697854.0,tushare,2026-08-06 20:08:39,,34.61609425773507,36.00332907419425,0.007273785277858602,0.0002889338341518499,29487,afternoon
20260804,2026-08-04 13:45:00,600150.SH,中国船舶,34.63,34.67,34.63,34.66,274444.0,9509100.0,tushare,2026-08-06 20:08:39,,34.648598621212344,36.00329941455341,0.008437590922315996,0.0011554015020218689,29488,afternoon
20260804,2026-08-04 13:46:00,600150.SH,中国船舶,34.66,34.68,34.66,34.67,227400.0,7883677.0,tushare,2026-08-06 20:08:39,,34.66876429199648,36.00327520583249,0.008728542333430456,0.0002885170225044309,29489,afternoon
20260804,2026-08-04 13:47:00,600150.SH,中国船舶,34.68,34.68,34.65,34.65,213000.0,7384316.0,tushare,2026-08-06 20:08:39,,34.66815023474179,36.0032525204807,0.008146639511201759,-0.0005768676088838687,29490,afternoon
20260804,2026-08-04 13:48:00,600150.SH,中国船舶,34.67,34.67,34.63,34.66,246800.0,8550306.0,tushare,2026-08-06 20:08:39,,34.64467585089141,36.00322577411651,0.008437590922315996,0.000288600288600227,29491,afternoon
20260804,2026-08-04 13:49:00,600150.SH,中国船舶,34.65,34.65,34.62,34.64,257600.0,8920690.0,tushare,2026-08-06 20:08:39,,34.63000776397516,36.00319755704937,0.007855688100087299,-0.0005770340450085287,29492,afternoon
20260804,2026-08-04 13:50:00,600150.SH,中国船舶,34.63,34.63,34.6,34.61,580543.0,20094050.0,tushare,2026-08-06 20:08:39,,34.61250932316814,36.003133159315624,0.006982833866744365,-0.0008660508083141449,29493,afternoon
20260804,2026-08-04 13:51:00,600150.SH,中国船舶,34.6,34.6,34.59,34.6,205700.0,7116631.0,tushare,2026-08-06 20:08:39,,34.5971366067088,36.00311009089652,0.006691882455630127,-0.00028893383415196094,29494,afternoon
20260804,2026-08-04 13:52:00,600150.SH,中国船舶,34.6,34.61,34.6,34.61,190526.0,6591748.0,tushare,2026-08-06 20:08:39,,34.59762971982826,36.00308873234877,0.006982833866744365,0.00028901734104036514,29495,afternoon
20260804,2026-08-04 13:53:00,600150.SH,中国船舶,34.61,34.62,34.6,34.62,194553.0,6732967.0,tushare,2026-08-06 20:08:39,,34.607366630172756,36.00306707412511,0.007273785277858602,0.0002889338341518499,29496,afternoon
20260804,2026-08-04 13:54:00,600150.SH,中国船舶,34.61,34.61,34.6,34.6,172100.0,5955699.0,tushare,2026-08-06 20:08:39,,34.60603718768158,36.00304789774842,0.006691882455630127,-0.0005777007510108234,29497,afternoon
20260804,2026-08-04 13:55:00,600150.SH,中国船舶,34.6,34.61,34.6,34.61,236800.0,8193647.0,tushare,2026-08-06 20:08:39,,34.60154983108108,36.00302142823343,0.006982833866744365,0.00028901734104036514,29498,afternoon
20260804,2026-08-04 13:56:00,600150.SH,中国船舶,34.61,34.61,34.59,34.59,283213.0,9798751.0,tushare,2026-08-06 20:08:39,,34.59852125432095,36.00298970357503,0.0064009310445156675,-0.0005778676683038109,29499,afternoon
20260804,2026-08-04 13:57:00,600150.SH,中国船舶,34.59,34.59,34.58,34.59,361900.0,12517840.0,tushare,2026-08-06 20:08:39,,34.589223542415034,36.00294889836636,0.0064009310445156675,0.0,29500,afternoon
20260804,2026-08-04 13:58:00,600150.SH,中国船舶,34.59,34.6,34.59,34.59,111700.0,3864090.0,tushare,2026-08-06 20:08:39,,34.59346463742167,36.00293634214474,0.0064009310445156675,0.0,29501,afternoon
20260804,2026-08-04 13:59:00,600150.SH,中国船舶,34.59,34.6,34.59,34.59,217456.0,7522123.0,tushare,2026-08-06 20:08:39,,34.59147137811787,36.00291186394162,0.0064009310445156675,0.0,29502,afternoon
20260804,2026-08-04 14:00:00,600150.SH,中国船舶,34.59,34.59,34.58,34.59,204100.0,7059144.0,tushare,2026-08-06 20:08:39,,34.58669279764821,36.00288881216463,0.0064009310445156675,0.0,29503,afternoon
20260805,2026-08-05 09:30:00,600150.SH,中国船舶,34.59,34.59,34.59,34.59,301400.0,10425426.0,tushare,2026-08-06 20:08:39,,34.59,36.00285485184546,0.0064009310445156675,0.0,29504,morning
20260805,2026-08-05 09:31:00,600150.SH,中国船舶,34.55,34.6,34.51,34.52,991518.0,34262040.0,tushare,2026-08-06 20:08:39,,34.555136669228396,36.002740387343856,0.004364271166715339,-0.0020237062734894673,29505,morning
20260805,2026-08-05 09:32:00,600150.SH,中国船舶,34.54,34.58,34.41,34.48,970200.0,33480358.0,tushare,2026-08-06 20:08:39,,34.50871779014636,36.00262481044741,0.0032004655222577227,-0.0011587485515645035,29506,morning
20260805,2026-08-05 09:33:00,600150.SH,中国船舶,34.45,34.45,34.35,34.36,745328.0,25635846.0,tushare,2026-08-06 20:08:39,,34.395388339093664,36.00252929931407,-0.0002909514111142375,-0.0034802784222737193,29507,morning
20260805,2026-08-05 09:34:00,600150.SH,中国船舶,34.35,34.37,34.28,34.3,995372.0,34169130.0,tushare,2026-08-06 20:08:39,,34.32799998392561,36.00239641598724,-0.0020366598778004397,-0.0017462165308499422,29508,morning
20260805,2026-08-05 09:35:00,600150.SH,中国船舶,34.29,34.29,34.21,34.22,1269600.0,43487188.0,tushare,2026-08-06 20:08:39,,34.252668557025835,36.0022193293538,-0.004364271166715117,-0.0023323615160348865,29509,morning
20260805,2026-08-05 09:36:00,600150.SH,中国船舶,34.21,34.29,34.2,34.27,1491417.0,51043348.0,tushare,2026-08-06 20:08:39,,34.22473258652677,36.00200802804345,-0.002909514111143263,0.0014611338398597962,29510,morning
20260805,2026-08-05 09:37:00,600150.SH,中国船舶,34.26,34.28,34.25,34.26,900853.0,30865072.0,tushare,2026-08-06 20:08:39,,34.26205163328534,36.00188310060319,-0.0032004655222577227,-0.000291800408520726,29511,morning
20260805,2026-08-05 09:38:00,600150.SH,中国船舶,34.25,34.26,34.24,34.25,878631.0,30097354.0,tushare,2026-08-06 20:08:39,,34.25482824985688,36.00176076631526,-0.0034914169333720713,-0.0002918855808522469,29512,morning
20260805,2026-08-05 09:39:00,600150.SH,中国船舶,34.24,34.34,34.24,34.32,448475.0,15367802.0,tushare,2026-08-06 20:08:39,,34.26679748035008,36.00169875825563,-0.0014547570555716316,0.0020437956204379937,29513,morning
20260805,2026-08-05 09:40:00,600150.SH,中国船舶,34.31,34.36,34.31,34.35,429165.0,14737218.0,tushare,2026-08-06 20:08:39,,34.33928209429939,36.00164190321939,-0.000581902822228586,0.0008741258741258306,29514,morning
20260805,2026-08-05 09:41:00,600150.SH,中国船舶,34.36,34.42,34.36,34.41,672200.0,23107094.0,tushare,2026-08-06 20:08:39,,34.37532579589408,36.00155478981853,0.001163805644457394,0.0017467248908296096,29515,morning
20260805,2026-08-05 09:42:00,600150.SH,中国船舶,34.38,34.47,34.33,34.46,530429.0,18245774.0,tushare,2026-08-06 20:08:39,,34.39814565191571,36.001487020244575,0.0026185627000292477,0.0014530659691951442,29516,morning
20260805,2026-08-05 09:43:00,600150.SH,中国船舶,34.46,34.49,34.43,34.44,379266.0,13072168.0,tushare,2026-08-06 20:08:39,,34.46701787136205,36.00144064864374,0.0020366598778003286,-0.0005803830528149367,29517,morning
20260805,2026-08-05 09:44:00,600150.SH,中国船舶,34.44,34.44,34.4,34.44,546800.0,18820632.0,tushare,2026-08-06 20:08:39,,34.419590343818584,36.00137173186283,0.0020366598778003286,0.0,29518,morning
20260805,2026-08-05 09:45:00,600150.SH,中国船舶,34.43,34.45,34.39,34.39,379500.0,13063377.0,tushare,2026-08-06 20:08:39,,34.42260079051383,36.00132399555035,0.000581902822228697,-0.0014518002322879697,29519,morning
20260805,2026-08-05 09:46:00,600150.SH,中国船舶,34.39,34.47,34.38,34.46,603656.0,20771678.0,tushare,2026-08-06 20:08:39,,34.409792994685716,36.00124745321649,0.0026185627000292477,0.00203547542890381,29520,morning
20260805,2026-08-05 09:47:00,600150.SH,中国船舶,34.47,34.53,34.47,34.53,777950.0,26833644.0,tushare,2026-08-06 20:08:39,,34.49276174561347,36.00115396367188,0.004655222577829576,0.002031340684852001,29521,morning
20260805,2026-08-05 09:48:00,600150.SH,中国船舶,34.53,34.55,34.49,34.49,524146.0,18091184.0,tushare,2026-08-06 20:08:39,,34.51554337913482,36.00109193259995,0.0034914169333721823,-0.0011584129742252536,29522,morning
20260805,2026-08-05 09:49:00,600150.SH,中国船舶,34.49,34.52,34.48,34.51,596554.0,20578098.0,tushare,2026-08-06 20:08:39,,34.49494597303848,36.001020359766585,0.004073319755600879,0.0005798782255725943,29523,morning
20260805,2026-08-05 09:50:00,600150.SH,中国船舶,34.51,34.51,34.46,34.46,363088.0,12520339.0,tushare,2026-08-06 20:08:39,,34.48293251222844,36.000976453387224,0.0026185627000292477,-0.0014488554042305646,29524,morning
20260805,2026-08-05 09:51:00,600150.SH,中国船舶,34.46,34.49,34.46,34.47,252840.0,8715631.0,tushare,2026-08-06 20:08:39,,34.47093418762854,36.0009456385918,0.0029095141111434852,0.00029019152640730184,29525,morning
20260805,2026-08-05 09:52:00,600150.SH,中国船舶,34.47,34.51,34.46,34.49,354326.0,12221194.0,tushare,2026-08-06 20:08:39,,34.491383641053716,36.00090303445233,0.0034914169333721823,0.0005802146794315899,29526,morning
20260805,2026-08-05 09:53:00,600150.SH,中国船舶,34.49,34.5,34.46,34.49,314919.0,10860712.0,tushare,2026-08-06 20:08:39,,34.48731896138372,36.00086506867107,0.0034914169333721823,0.0,29527,morning
20260805,2026-08-05 09:54:00,600150.SH,中国船舶,34.5,34.5,34.48,34.49,461827.0,15930478.0,tushare,2026-08-06 20:08:39,,34.49447087329238,36.00080965857457,0.0034914169333721823,0.0,29528,morning
20260805,2026-08-05 09:55:00,600150.SH,中国船舶,34.49,34.49,34.46,34.46,314200.0,10833520.0,tushare,2026-08-06 20:08:39,,34.479694462126034,36.00077159335222,0.0026185627000292477,-0.0008698173383590024,29529,morning
20260805,2026-08-05 09:56:00,600150.SH,中国船舶,34.46,34.5,34.46,34.5,443514.0,15292269.0,tushare,2026-08-06 20:08:39,,34.47978868761753,36.00071786835386,0.003782368344486642,0.0011607661056296514,29530,morning
20260805,2026-08-05 09:57:00,600150.SH,中国船舶,34.5,34.5,34.47,34.48,184667.0,6368031.0,tushare,2026-08-06 20:08:39,,34.48386013743657,36.00069555974441,0.0032004655222577227,-0.0005797101449276365,29531,morning
20260805,2026-08-05 09:58:00,600150.SH,中国船舶,34.48,34.48,34.43,34.43,268833.0,9262759.0,tushare,2026-08-06 20:08:39,,34.455438878411506,36.000662476182015,0.0017457084666860911,-0.0014501160092806886,29532,morning
20260805,2026-08-05 09:59:00,600150.SH,中国船舶,34.43,34.46,34.41,34.45,684142.0,23554460.0,tushare,2026-08-06 20:08:39,,34.42919744731357,36.000576859898686,0.0023276112889150102,0.0005808887598026669,29533,morning
20260805,2026-08-05 10:00:00,600150.SH,中国船舶,34.45,34.48,34.43,34.43,397500.0,13696349.0,tushare,2026-08-06 20:08:39,,34.45622389937107,36.00052797492928,0.0017457084666860911,-0.0005805515239478698,29534,morning
20260805,2026-08-05 10:01:00,600150.SH,中国船舶,34.43,34.46,34.43,34.46,239275.0,8241814.0,tushare,2026-08-06 20:08:39,,34.44494410197471,36.00049833520688,0.0026185627000292477,0.0008713331397038893,29535,morning
20260805,2026-08-05 10:02:00,600150.SH,中国船舶,34.47,34.51,34.45,34.5,370585.0,12778490.0,tushare,2026-08-06 20:08:39,,34.48194071535545,36.00045352368735,0.003782368344486642,0.0011607661056296514,29536,morning
20260805,2026-08-05 10:03:00,600150.SH,中国船舶,34.51,34.57,34.51,34.56,843502.0,29145634.0,tushare,2026-08-06 20:08:39,,34.55312969026748,36.00035631765431,0.005528076811172733,0.0017391304347826875,29537,morning
20260805,2026-08-05 10:04:00,600150.SH,中国船舶,34.55,34.59,34.55,34.57,519800.0,17971296.0,tushare,2026-08-06 20:08:39,,34.57348210850327,36.000297264190216,0.0058190282222869705,0.0002893518518518601,29538,morning
20260805,2026-08-05 10:05:00,600150.SH,中国船舶,34.57,34.57,34.52,34.52,347800.0,12016433.0,tushare,2026-08-06 20:08:39,,34.549836112708455,36.000257099255265,0.004364271166715339,-0.001446340757882525,29539,morning
20260805,2026-08-05 10:06:00,600150.SH,中国船舶,34.52,34.57,34.5,34.57,447891.0,15465768.0,tushare,2026-08-06 20:08:39,,34.53020489360134,36.00020467877495,0.0058190282222869705,0.0014484356894552963,29540,morning
20260805,2026-08-05 10:07:00,600150.SH,中国船舶,34.58,34.58,34.56,34.56,517800.0,17901828.0,tushare,2026-08-06 20:08:39,,34.572862108922365,36.000145839371136,0.005528076811172733,-0.0002892681515764828,29541,morning
20260805,2026-08-05 10:08:00,600150.SH,中国船舶,34.57,34.68,34.57,34.67,1026473.0,35546670.0,tushare,2026-08-06 20:08:39,,34.62991233086501,36.00003387376794,0.008728542333430456,0.003182870370370461,29542,morning
20260805,2026-08-05 10:09:00,600150.SH,中国船舶,34.67,34.73,34.65,34.71,1028736.0,35690600.0,tushare,2026-08-06 20:08:39,,34.69364346149061,35.999926898380465,0.00989234797788785,0.0011537352177675153,29543,morning
20260805,2026-08-05 10:10:00,600150.SH,中国船舶,34.71,34.71,34.64,34.68,479064.0,16612266.0,tushare,2026-08-06 20:08:39,,34.676506688041684,35.99987643437901,0.009019493744544693,-0.0008643042350907626,29544,morning
20260805,2026-08-05 10:11:00,600150.SH,中国船舶,34.68,34.74,34.68,34.7,680338.0,23616330.0,tushare,2026-08-06 20:08:39,,34.71264283341515,35.99980673178119,0.009601396566773612,0.0005767012687429851,29545,morning
20260805,2026-08-05 10:12:00,600150.SH,中国船舶,34.69,34.69,34.65,34.67,255100.0,8844107.0,tushare,2026-08-06 20:08:39,,34.669176793414344,35.9997797154856,0.008728542333430456,-0.0008645533141210526,29546,morning
20260805,2026-08-05 10:13:00,600150.SH,中国船舶,34.65,34.67,34.64,34.66,183678.0,6365798.0,tushare,2026-08-06 20:08:39,,34.65737867354827,35.999760091323445,0.008437590922315996,-0.00028843380444198985,29547,morning
20260805,2026-08-05 10:14:00,600150.SH,中国船舶,34.67,34.69,34.65,34.68,284396.0,9858976.0,tushare,2026-08-06 20:08:39,,34.666366615564215,35.999729911014526,0.009019493744544693,0.0005770340450086398,29548,morning
20260805,2026-08-05 10:15:00,600150.SH,中国船舶,34.68,34.7,34.67,34.67,335600.0,11641636.0,tushare,2026-08-06 20:08:39,,34.68902264600715,35.99969490376981,0.008728542333430456,-0.00028835063437138153,29549,morning
20260805,2026-08-05 10:16:00,600150.SH,中国船舶,34.69,34.78,34.69,34.78,1041282.0,36169948.0,tushare,2026-08-06 20:08:39,,34.73597738172752,35.99959018786458,0.011929007855688178,0.003172771848860778,29550,morning
20260805,2026-08-05 10:17:00,600150.SH,中国船舶,34.74,34.78,34.72,34.72,419801.0,14591675.0,tushare,2026-08-06 20:08:39,,34.758552266430996,35.999548729869495,0.010183299389002087,-0.0017251293847039273,29551,morning
20260805,2026-08-05 10:18:00,600150.SH,中国船舶,34.72,34.72,34.6,34.68,1141700.0,39536360.0,tushare,2026-08-06 20:08:39,,34.62937724446002,35.99942425913664,0.009019493744544693,-0.0011520737327188613,29552,morning
20260805,2026-08-05 10:19:00,600150.SH,中国船舶,34.69,34.72,34.69,34.71,281100.0,9755449.0,tushare,2026-08-06 20:08:39,,34.70454998221273,35.99939529776971,0.00989234797788785,0.0008650519031141446,29553,morning
20260805,2026-08-05 10:20:00,600150.SH,中国船舶,34.71,34.71,34.69,34.7,242500.0,8415029.0,tushare,2026-08-06 20:08:39,,34.701150515463915,35.9993702487603,0.009601396566773612,-0.00028810141169688386,29554,morning
20260805,2026-08-05 10:21:00,600150.SH,中国船舶,34.69,34.77,34.69,34.75,474018.0,16467109.0,tushare,2026-08-06 20:08:39,,34.73941706855014,35.99932273109562,0.011056153622345244,0.0014409221902016434,29555,morning
20260805,2026-08-05 10:22:00,600150.SH,中国船舶,34.76,34.78,34.73,34.74,547253.0,19019620.0,tushare,2026-08-06 20:08:39,,34.75471125786428,35.99926854237593,0.010765202211230784,-0.0002877697841725535,29556,morning
20260805,2026-08-05 10:23:00,600150.SH,中国船舶,34.73,34.84,34.73,34.8,1339546.0,46603656.0,tushare,2026-08-06 20:08:39,,34.79063503604953,35.999139749180245,0.012510910677916875,0.0017271157167528806,29557,morning
20260805,2026-08-05 10:24:00,600150.SH,中国船舶,34.8,34.8,34.78,34.78,397500.0,13830031.0,tushare,2026-08-06 20:08:39,,34.792530817610064,35.99910159601323,0.011929007855688178,-0.0005747126436780325,29558,morning
20260805,2026-08-05 10:25:00,600150.SH,中国船舶,34.78,34.83,34.76,34.83,518700.0,18048442.0,tushare,2026-08-06 20:08:39,,34.795531135531135,35.999051937149964,0.01338376491125981,0.0014376078205864395,29559,morning
20260805,2026-08-05 10:26:00,600150.SH,中国船舶,34.89,34.93,34.87,34.9,1513240.0,52783616.0,tushare,2026-08-06 20:08:39,,34.881192672675844,35.99891739707166,0.01542042478906036,0.0020097616996841428,29560,morning
20260805,2026-08-05 10:27:00,600150.SH,中国船舶,34.9,34.96,34.87,34.95,965007.0,33693700.0,tushare,2026-08-06 20:08:39,,34.91549802229414,35.99883424932905,0.016875181844632214,0.0014326647564470996,29561,morning
20260805,2026-08-05 10:28:00,600150.SH,中国船舶,34.95,34.97,34.89,34.91,438500.0,15317626.0,tushare,2026-08-06 20:08:39,,34.93187229190422,35.99879704214615,0.015711376200174598,-0.0011444921316168255,29562,morning
20260805,2026-08-05 10:29:00,600150.SH,中国船舶,34.92,34.92,34.86,34.86,209000.0,7293750.0,tushare,2026-08-06 20:08:39,,34.89832535885167,35.9987787516201,0.014256619144602967,-0.001432254368375796,29563,morning
20260805,2026-08-05 10:30:00,600150.SH,中国船舶,34.86,34.86,34.83,34.83,340300.0,11855523.0,tushare,2026-08-06 20:08:39,,34.83844548927417,35.99874735130715,0.01338376491125981,-0.000860585197934638,29564,morning
20260805,2026-08-05 10:31:00,600150.SH,中国船舶,34.82,34.94,34.8,34.94,554548.0,19341792.0,tushare,2026-08-06 20:08:39,,34.87848121352886,35.99869795090481,0.016584230433517533,0.0031581969566465418,29565,morning
20260805,2026-08-05 10:32:00,600150.SH,中国船舶,34.95,34.97,34.92,34.95,820000.0,28663568.0,tushare,2026-08-06 20:08:39,,34.95557073170732,35.99862993774584,0.016875181844632214,0.0002862049227247976,29566,morning
20260805,2026-08-05 10:33:00,600150.SH,中国船舶,34.95,35.04,34.95,35.03,1880462.0,65796630.0,tushare,2026-08-06 20:08:39,,34.9896089365273,35.99847908901808,0.01920279313354678,0.002288984263233207,29567,morning
20260805,2026-08-05 10:34:00,600150.SH,中国船舶,35.03,35.05,34.94,34.94,516418.0,18082512.0,tushare,2026-08-06 20:08:39,,35.015262829723206,35.9984387235979,0.016584230433517533,-0.0025692263773908763,29568,morning
20260805,2026-08-05 10:35:00,600150.SH,中国船舶,34.93,34.97,34.93,34.96,230909.0,8070208.0,tushare,2026-08-06 20:08:39,,34.949733444776946,35.99841947294796,0.017166133255746452,0.0005724098454493731,29569,morning
20260805,2026-08-05 10:36:00,600150.SH,中国船舶,34.95,34.97,34.93,34.93,304804.0,10652312.0,tushare,2026-08-06 20:08:39,,34.94807154761749,35.99839402256024,0.016293279022403295,-0.0008581235697940892,29570,morning
20260805,2026-08-05 10:37:00,600150.SH,中国船舶,34.93,35.0,34.93,34.99,616754.0,21572298.0,tushare,2026-08-06 20:08:39,,34.977151343971826,35.99834395456557,0.018038987489089386,0.0017177211565990724,29571,morning
20260805,2026-08-05 10:38:00,600150.SH,中国船舶,34.99,34.99,34.92,34.92,185600.0,6485971.0,tushare,2026-08-06 20:08:39,,34.94596443965517,35.99832842843563,0.016002327611289058,-0.002000571591883382,29572,morning
20260805,2026-08-05 10:39:00,600150.SH,中国船舶,34.91,34.91,34.87,34.88,384000.0,13399198.0,tushare,2026-08-06 20:08:39,,34.89374479166667,35.99829471294899,0.014838521966831664,-0.001145475372279492,29573,morning
20260805,2026-08-05 10:40:00,600150.SH,中国船舶,34.88,34.94,34.88,34.92,311800.0,10887947.0,tushare,2026-08-06 20:08:39,,34.91965041693393,35.9982679802258,0.016002327611289058,0.0011467889908256534,29574,morning
20260805,2026-08-05 10:41:00,600150.SH,中国船舶,34.92,34.92,34.9,34.91,192537.0,6720963.0,tushare,2026-08-06 20:08:39,,34.90738403527634,35.998251285667095,0.015711376200174598,-0.000286368843069984,29575,morning
20260805,2026-08-05 10:42:00,600150.SH,中国船舶,34.9,34.93,34.9,34.92,186500.0,6511848.0,tushare,2026-08-06 20:08:39,,34.91607506702413,35.99823524388632,0.016002327611289058,0.00028645087367529243,29576,morning
20260805,2026-08-05 10:43:00,600150.SH,中国船舶,34.91,34.91,34.89,34.89,143000.0,4990965.0,tushare,2026-08-06 20:08:39,,34.90185314685315,35.998222782430226,0.015129473377945901,-0.0008591065292096189,29577,morning
20260805,2026-08-05 10:44:00,600150.SH,中国船舶,34.89,34.93,34.88,34.93,332434.0,11601721.0,tushare,2026-08-06 20:08:39,,34.89932136905371,35.99819374731787,0.016293279022403295,0.0011464603038120469,29578,morning
20260805,2026-08-05 10:45:00,600150.SH,中国船舶,34.93,34.94,34.92,34.92,182425.0,6372322.0,tushare,2026-08-06 20:08:39,,34.93118815951761,35.998178276826934,0.016002327611289058,-0.0002862868594331047,29579,morning
20260805,2026-08-05 10:46:00,600150.SH,中国船舶,34.92,34.93,34.89,34.89,120385.0,4202219.0,tushare,2026-08-06 20:08:39,,34.906499979233296,35.99816783164653,0.015129473377945901,-0.0008591065292096189,29580,morning
20260805,2026-08-05 10:47:00,600150.SH,中国船舶,34.9,34.91,34.88,34.9,286191.0,9987472.0,tushare,2026-08-06 20:08:39,,34.89792481245043,35.99814280609791,0.01542042478906036,0.0002866150759528452,29581,morning
20260805,2026-08-05 10:48:00,600150.SH,中国船舶,34.89,34.91,34.89,34.89,92900.0,3241907.0,tushare,2026-08-06 20:08:39,,34.896738428417656,35.998134674080134,0.015129473377945901,-0.0002865329512893311,29582,morning
20260805,2026-08-05 10:49:00,600150.SH,中国船舶,34.89,34.91,34.88,34.91,646527.0,22559968.0,tushare,2026-08-06 20:08:39,,34.89408485647158,35.9980779472092,0.015711376200174598,0.0005732301519059124,29583,morning
20260805,2026-08-05 10:50:00,600150.SH,中国船舶,34.91,34.92,34.9,34.91,103000.0,3595838.0,tushare,2026-08-06 20:08:39,,34.91104854368932,35.99806904929009,0.015711376200174598,0.0,29584,morning
20260805,2026-08-05 10:51:00,600150.SH,中国船舶,34.9,34.95,34.9,34.94,347640.0,12138898.0,tushare,2026-08-06 20:08:39,,34.91801288689449,35.998039210994015,0.016584230433517533,0.0008593526210254332,29585,morning
20260805,2026-08-05 10:52:00,600150.SH,中国船舶,34.94,35.03,34.94,35.03,971728.0,34002736.0,tushare,2026-08-06 20:08:39,,34.9920306917162,35.997961530714775,0.01920279313354678,0.002575844304522068,29586,morning
20260805,2026-08-05 10:53:00,600150.SH,中国船舶,35.03,35.11,35.03,35.09,1705713.0,59831172.0,tushare,2026-08-06 20:08:39,,35.07692794743313,35.99783670991316,0.02094850160023287,0.0017128175849272509,29587,morning
20260805,2026-08-05 10:54:00,600150.SH,中国船舶,35.1,35.1,35.02,35.02,437300.0,15331463.0,tushare,2026-08-06 20:08:39,,35.059371141093074,35.99780410460766,0.018911841722432543,-0.001994870333428378,29588,morning
20260805,2026-08-05 10:55:00,600150.SH,中国船舶,35.04,35.04,35.0,35.0,198200.0,6941939.0,tushare,2026-08-06 20:08:39,,35.02491927346115,35.99778878496284,0.018329938900203846,-0.0005711022272987254,29589,morning
20260805,2026-08-05 10:56:00,600150.SH,中国船舶,35.08,35.09,35.06,35.07,682236.0,23929132.0,tushare,2026-08-06 20:08:39,,35.07456657227118,35.997738746846515,0.020366598778004175,0.0020000000000000018,29590,morning
20260805,2026-08-05 10:57:00,600150.SH,中国船舶,35.07,35.07,35.02,35.02,251400.0,8814555.0,tushare,2026-08-06 20:08:39,,35.06187350835322,35.99772005595611,0.018911841722432543,-0.0014257199885941985,29591,morning
20260805,2026-08-05 10:58:00,600150.SH,中国船舶,35.03,35.07,35.01,35.04,358800.0,12576018.0,tushare,2026-08-06 20:08:39,,35.05021739130435,35.99769304923269,0.019493744544661018,0.0005711022272985034,29592,morning
20260805,2026-08-05 10:59:00,600150.SH,中国船舶,35.04,35.07,35.04,35.05,266174.0,9330678.0,tushare,2026-08-06 20:08:39,,35.05480625455529,35.99767311245235,0.019784695955775478,0.00028538812785372514,29593,morning
20260805,2026-08-05 11:00:00,600150.SH,中国船舶,35.07,35.07,35.01,35.01,157100.0,5503913.0,tushare,2026-08-06 20:08:39,,35.034455760662,35.99766109188677,0.018620890311318083,-0.001141226818830221,29594,morning
20260805,2026-08-05 11:01:00,600150.SH,中国船舶,35.01,35.02,35.0,35.0,193913.0,6789279.0,tushare,2026-08-06 20:08:39,,35.011984756050396,35.99764590883807,0.018329938900203846,-0.0002856326763781558,29595,morning
20260805,2026-08-05 11:02:00,600150.SH,中国船舶,35.0,35.0,34.97,34.99,136787.0,4785286.0,tushare,2026-08-06 20:08:39,,34.983485272723286,35.997634889269655,0.018038987489089386,-0.0002857142857142225,29596,morning
20260805,2026-08-05 11:03:00,600150.SH,中国船舶,35.01,35.03,34.98,35.01,198600.0,6951731.0,tushare,2026-08-06 20:08:39,,35.0036807653575,35.99761920906439,0.018620890311318083,0.0005715918833950617,29597,morning
20260805,2026-08-05 11:04:00,600150.SH,中国船舶,35.0,35.0,34.97,34.98,134613.0,4709111.0,tushare,2026-08-06 20:08:39,,34.9825871201147,35.99760835560237,0.017748036077974927,-0.0008568980291345785,29598,morning
20260805,2026-08-05 11:05:00,600150.SH,中国船舶,34.98,34.98,34.96,34.96,246187.0,8608107.0,tushare,2026-08-06 20:08:39,,34.96572524138155,35.99758817711326,0.017166133255746452,-0.0005717552887363198,29599,morning
20260805,2026-08-05 11:06:00,600150.SH,中国船舶,34.98,34.98,34.95,34.95,134700.0,4709880.0,tushare,2026-08-06 20:08:39,,34.96570155902005,35.99757713663333,0.016875181844632214,-0.00028604118993125205,29600,morning
20260805,2026-08-05 11:07:00,600150.SH,中国船舶,34.95,35.02,34.95,35.01,406175.0,14208318.0,tushare,2026-08-06 20:08:39,,34.98077922077922,35.997544332980915,0.018620890311318083,0.0017167381974247942,29601,morning
20260805,2026-08-05 11:08:00,600150.SH,中国船舶,35.01,35.02,34.98,35.02,201746.0,7061445.0,tushare,2026-08-06 20:08:39,,35.00166050380181,35.99752837488691,0.018911841722432543,0.00028563267637826684,29602,morning
20260805,2026-08-05 11:09:00,600150.SH,中国船舶,35.01,35.01,34.99,34.99,106600.0,3730891.0,tushare,2026-08-06 20:08:39,,34.998977485928705,35.99751992032447,0.018038987489089386,-0.0008566533409480881,29603,morning
20260805,2026-08-05 11:10:00,600150.SH,中国船舶,34.98,35.02,34.98,35.01,273018.0,9557688.0,tushare,2026-08-06 20:08:39,,35.00753796452981,35.9974984532496,0.018620890311318083,0.0005715918833950617,29604,morning
20260805,2026-08-05 11:11:00,600150.SH,中国船舶,35.02,35.08,35.02,35.08,474196.0,16619851.0,tushare,2026-08-06 20:08:39,,35.048484171102245,35.99746271209407,0.020657550189118412,0.0019994287346472017,29605,morning
20260805,2026-08-05 11:12:00,600150.SH,中国船舶,35.07,35.07,35.04,35.04,131604.0,4614570.0,tushare,2026-08-06 20:08:39,,35.06405580377496,35.997452956055334,0.019493744544661018,-0.0011402508551880963,29606,morning
20260805,2026-08-05 11:13:00,600150.SH,中国船舶,35.04,35.06,35.03,35.03,156600.0,5488310.0,tushare,2026-08-06 20:08:39,,35.046679438058746,35.99744113117244,0.01920279313354678,-0.00028538812785383616,29607,morning
20260805,2026-08-05 11:14:00,600150.SH,中国船舶,35.04,35.08,35.04,35.07,350359.0,12284451.0,tushare,2026-08-06 20:08:39,,35.0624673549131,35.99741511588444,0.020366598778004175,0.0011418783899515006,29608,morning
20260805,2026-08-05 11:15:00,600150.SH,中国船舶,35.06,35.07,35.03,35.03,221414.0,7757847.0,tushare,2026-08-06 20:08:39,,35.037743774106424,35.9973982411908,0.01920279313354678,-0.0011405759908753588,29609,morning
20260805,2026-08-05 11:16:00,600150.SH,中国船舶,35.05,35.05,35.03,35.03,93000.0,3258497.0,tushare,2026-08-06 20:08:39,,35.03760215053764,35.99739115248405,0.01920279313354678,0.0,29610,morning
20260805,2026-08-05 11:17:00,600150.SH,中国船舶,35.03,35.05,35.02,35.04,206319.0,7229458.0,tushare,2026-08-06 20:08:39,,35.0401950377813,35.99737546915981,0.019493744544661018,0.00028546959748787515,29611,morning
20260805,2026-08-05 11:18:00,600150.SH,中国船舶,35.04,35.06,35.03,35.04,150600.0,5277774.0,tushare,2026-08-06 20:08:39,,35.044980079681274,35.99736407886324,0.019493744544661018,0.0,29612,morning
20260805,2026-08-05 11:19:00,600150.SH,中国船舶,35.04,35.05,35.04,35.04,120200.0,4212136.0,tushare,2026-08-06 20:08:39,,35.04272878535774,35.997354966509214,0.019493744544661018,0.0,29613,morning
20260805,2026-08-05 11:20:00,600150.SH,中国船舶,35.04,35.05,35.02,35.04,284994.0,9983113.0,tushare,2026-08-06 20:08:39,,35.029204123595584,35.99733305574395,0.019493744544661018,0.0,29614,morning
20260805,2026-08-05 11:21:00,600150.SH,中国船舶,35.03,35.04,35.03,35.03,177100.0,6205190.0,tushare,2026-08-06 20:08:39,,35.03777526821005,35.997319561070206,0.01920279313354678,-0.00028538812785383616,29615,morning
20260805,2026-08-05 11:22:00,600150.SH,中国船舶,35.03,35.03,35.01,35.01,244100.0,8549761.0,tushare,2026-08-06 20:08:39,,35.02564932404752,35.9973007267064,0.018620890311318083,-0.0005709391949758613,29616,morning
20260805,2026-08-05 11:23:00,600150.SH,中国船舶,35.01,35.04,35.01,35.03,377300.0,13212313.0,tushare,2026-08-06 20:08:39,,35.018057248873575,35.997271388824444,0.01920279313354678,0.0005712653527565337,29617,morning
20260805,2026-08-05 11:24:00,600150.SH,中国船舶,35.03,35.05,35.03,35.03,223600.0,7833816.0,tushare,2026-08-06 20:08:39,,35.03495527728086,35.997254303111355,0.01920279313354678,0.0,29618,morning
20260805,2026-08-05 11:25:00,600150.SH,中国船舶,35.03,35.03,35.0,35.0,192500.0,6740198.0,tushare,2026-08-06 20:08:39,,35.01401558441558,35.99723927423122,0.018329938900203846,-0.0008564087924636254,29619,morning
20260805,2026-08-05 11:26:00,600150.SH,中国船舶,35.0,35.02,34.98,35.02,283013.0,9905523.0,tushare,2026-08-06 20:08:39,,35.0002402716483,35.997216870091926,0.018911841722432543,0.0005714285714286671,29620,morning
20260805,2026-08-05 11:27:00,600150.SH,中国船舶,35.01,35.05,35.01,35.04,251412.0,8808637.0,tushare,2026-08-06 20:08:39,,35.036660939016436,35.997197695455114,0.019493744544661018,0.0005711022272985034,29621,morning
20260805,2026-08-05 11:28:00,600150.SH,中国船舶,35.04,35.05,35.03,35.03,119937.0,4202044.0,tushare,2026-08-06 20:08:39,,35.03542693247288,35.997188536643996,0.01920279313354678,-0.00028538812785383616,29622,morning
20260805,2026-08-05 11:29:00,600150.SH,中国船舶,35.03,35.03,35.02,35.03,105043.0,3679038.0,tushare,2026-08-06 20:08:39,,35.024113934293574,35.99718042098142,0.01920279313354678,0.0,29623,morning
20260805,2026-08-05 11:30:00,600150.SH,中国船舶,35.03,35.06,35.03,35.05,269963.0,9459899.0,tushare,2026-08-06 20:08:39,,35.04146494149198,35.99715993606082,0.019784695955775478,0.0005709391949755283,29624,morning
20260805,2026-08-05 13:01:00,600150.SH,中国船舶,35.05,35.05,34.97,34.97,696957.0,24409244.0,tushare,2026-08-06 20:08:39,,35.02259680295915,35.99710601066389,0.01745708466686069,-0.002282453637660442,29625,afternoon
20260805,2026-08-05 13:02:00,600150.SH,中国船舶,34.98,34.98,34.96,34.96,260800.0,9119816.0,tushare,2026-08-06 20:08:39,,34.96861963190184,35.997084715816754,0.017166133255746452,-0.0002859593937660776,29626,afternoon
20260805,2026-08-05 13:03:00,600150.SH,中国船舶,34.97,34.97,34.95,34.97,203200.0,7103835.0,tushare,2026-08-06 20:08:39,,34.95981791338583,35.997067982748916,0.01745708466686069,0.00028604118993125205,29627,afternoon
20260805,2026-08-05 13:04:00,600150.SH,中国船舶,34.97,35.0,34.95,34.95,184100.0,6438128.0,tushare,2026-08-06 20:08:39,,34.97082020640956,35.99705298379193,0.016875181844632214,-0.0005719187875320442,29628,afternoon
20260805,2026-08-05 13:05:00,600150.SH,中国船舶,34.95,35.0,34.95,35.0,367627.0,12857277.0,tushare,2026-08-06 20:08:39,,34.973701605159576,35.99702311796483,0.018329938900203846,0.0014306151645206988,29629,afternoon
20260805,2026-08-05 13:06:00,600150.SH,中国船舶,35.0,35.01,34.95,34.99,236700.0,8280090.0,tushare,2026-08-06 20:08:39,,34.981368821292776,35.997004033570796,0.018038987489089386,-0.0002857142857142225,29630,afternoon
20260805,2026-08-05 13:07:00,600150.SH,中国船舶,34.96,34.98,34.95,34.95,326673.0,11418937.0,tushare,2026-08-06 20:08:39,,34.9552518879736,35.99697701884343,0.016875181844632214,-0.0011431837667904565,29631,afternoon
20260805,2026-08-05 13:08:00,600150.SH,中国船舶,34.94,34.94,34.91,34.93,344421.0,12027784.0,tushare,2026-08-06 20:08:39,,34.92174983523072,35.99694762198441,0.016293279022403295,-0.0005722460658084128,29632,afternoon
20260805,2026-08-05 13:09:00,600150.SH,中国船舶,34.93,34.93,34.92,34.93,174900.0,6108491.0,tushare,2026-08-06 20:08:39,,34.92562035448828,35.99693274835319,0.016293279022403295,0.0,29633,afternoon
20260805,2026-08-05 13:10:00,600150.SH,中国船舶,34.93,34.97,34.92,34.95,319572.0,11167637.0,tushare,2026-08-06 20:08:39,,34.9456053721853,35.99690607972243,0.016875181844632214,0.0005725737188664315,29634,afternoon
20260805,2026-08-05 13:11:00,600150.SH,中国船舶,34.95,35.04,34.95,35.0,398800.0,13958632.0,tushare,2026-08-06 20:08:39,,35.00158475426279,35.99687457332582,0.018329938900203846,0.0014306151645206988,29635,afternoon
20260805,2026-08-05 13:12:00,600150.SH,中国船舶,35.02,35.14,35.0,35.13,1795188.0,62991160.0,tushare,2026-08-06 20:08:39,,35.088893196701406,35.996745211756576,0.022112307244690266,0.003714285714285781,29636,afternoon
20260805,2026-08-05 13:13:00,600150.SH,中国船舶,35.14,35.15,35.1,35.1,511800.0,17982338.0,tushare,2026-08-06 20:08:39,,35.13547870261821,35.996710230242776,0.02123945301134733,-0.0008539709649871829,29637,afternoon
20260805,2026-08-05 13:14:00,600150.SH,中国船舶,35.1,35.19,35.1,35.18,1479461.0,52022630.0,tushare,2026-08-06 20:08:39,,35.16323174453399,35.99661238320423,0.023567064300261897,0.002279202279202197,29638,afternoon
20260805,2026-08-05 13:15:00,600150.SH,中国船舶,35.18,35.2,35.16,35.16,803100.0,28260976.0,tushare,2026-08-06 20:08:39,,35.18985929523098,35.996560975008975,0.0229851614780332,-0.0005685048322912056,29639,afternoon
20260805,2026-08-05 13:16:00,600150.SH,中国船舶,35.16,35.16,35.13,35.15,270400.0,9504327.0,tushare,2026-08-06 20:08:39,,35.14913831360947,35.99654279393481,0.022694210066918963,-0.00028441410693968994,29640,afternoon
20260805,2026-08-05 13:17:00,600150.SH,中国船舶,35.15,35.17,35.14,35.15,260779.0,9167723.0,tushare,2026-08-06 20:08:39,,35.15514286042971,35.99652538473216,0.022694210066918963,0.0,29641,afternoon
20260805,2026-08-05 13:18:00,600150.SH,中国船舶,35.16,35.18,35.14,35.18,297471.0,10458942.0,tushare,2026-08-06 20:08:39,,35.159534879030225,35.9965056305658,0.023567064300261897,0.0008534850640113945,29642,afternoon
20260805,2026-08-05 13:19:00,600150.SH,中国船舶,35.18,35.18,35.15,35.16,365029.0,12836574.0,tushare,2026-08-06 20:08:39,,35.165901887247315,35.99648157573997,0.0229851614780332,-0.0005685048322912056,29643,afternoon
20260805,2026-08-05 13:20:00,600150.SH,中国船舶,35.16,35.17,35.15,35.16,253694.0,8919808.0,tushare,2026-08-06 20:08:39,,35.159712094097614,35.99646473394984,0.0229851614780332,0.0,29644,afternoon
20260805,2026-08-05 13:21:00,600150.SH,中国船舶,35.17,35.17,35.16,35.16,218681.0,7690204.0,tushare,2026-08-06 20:08:39,,35.166310744874956,35.99645033156543,0.0229851614780332,0.0,29645,afternoon
20260805,2026-08-05 13:22:00,600150.SH,中国船舶,35.17,35.17,35.15,35.15,160725.0,5650940.0,tushare,2026-08-06 20:08:39,,35.15906050707731,35.996439654048615,0.022694210066918963,-0.00028441410693968994,29646,afternoon
20260805,2026-08-05 13:23:00,600150.SH,中国船舶,35.15,35.16,35.13,35.14,266800.0,9375610.0,tushare,2026-08-06 20:08:39,,35.14096701649176,35.996421547240196,0.022403258655804503,-0.0002844950213370945,29647,afternoon
20260805,2026-08-05 13:24:00,600150.SH,中国船舶,35.13,35.16,35.11,35.12,396900.0,13943597.0,tushare,2026-08-06 20:08:39,,35.13125976316452,35.996394306763065,0.021821355833575806,-0.0005691519635743214,29648,afternoon
20260805,2026-08-05 13:25:00,600150.SH,中国船舶,35.13,35.15,35.13,35.15,228110.0,8015346.0,tushare,2026-08-06 20:08:39,,35.13807373635527,35.996378774945875,0.022694210066918963,0.0008542141230067912,29649,afternoon
20260805,2026-08-05 13:26:00,600150.SH,中国船舶,35.14,35.18,35.14,35.18,496783.0,17467738.0,tushare,2026-08-06 20:08:39,,35.16170641910049,35.99634588265927,0.023567064300261897,0.0008534850640113945,29650,afternoon
20260805,2026-08-05 13:27:00,600150.SH,中国船舶,35.18,35.2,35.16,35.16,449600.0,15819301.0,tushare,2026-08-06 20:08:39,,35.185278024911035,35.99631695726317,0.0229851614780332,-0.0005685048322912056,29651,afternoon
20260805,2026-08-05 13:28:00,600150.SH,中国船舶,35.18,35.18,35.16,35.17,220800.0,7765436.0,tushare,2026-08-06 20:08:39,,35.169547101449275,35.996302477151275,0.02327611288914766,0.00028441410693980096,29652,afternoon
20260805,2026-08-05 13:29:00,600150.SH,中国船舶,35.16,35.19,35.15,35.19,516868.0,18178964.0,tushare,2026-08-06 20:08:39,,35.17138611792566,35.9962686582128,0.023858015711376135,0.0005686664771109573,29653,afternoon
20260805,2026-08-05 13:30:00,600150.SH,中国船舶,35.2,35.2,35.17,35.19,814701.0,28674648.0,tushare,2026-08-06 20:08:39,,35.196529769817396,35.99621698222217,0.023858015711376135,0.0,29654,afternoon
20260805,2026-08-05 13:31:00,600150.SH,中国船舶,35.18,35.2,35.18,35.19,388700.0,13678763.0,tushare,2026-08-06 20:08:39,,35.19105479804477,35.99619216078818,0.023858015711376135,0.0,29655,afternoon
20260805,2026-08-05 13:32:00,600150.SH,中国船舶,35.2,35.22,35.18,35.19,473008.0,16649970.0,tushare,2026-08-06 20:08:39,,35.20018688901668,35.99616230028676,0.023858015711376135,0.0,29656,afternoon
20260805,2026-08-05 13:33:00,600150.SH,中国船舶,35.2,35.22,35.18,35.22,499760.0,17594724.0,tushare,2026-08-06 20:08:39,,35.20634704658236,35.996130997538884,0.02473086994471929,0.0008525149190110604,29657,afternoon
20260805,2026-08-05 13:34:00,600150.SH,中国船舶,35.24,35.29,35.24,35.28,1164792.0,41070376.0,tushare,2026-08-06 20:08:39,,35.2598369494296,35.9960629903212,0.026476578411405383,0.0017035775127769437,29658,afternoon
20260805,2026-08-05 13:35:00,600150.SH,中国船舶,35.28,35.3,35.28,35.29,567600.0,20030618.0,tushare,2026-08-06 20:08:39,,35.29002466525722,35.99603121379238,0.02676752982251962,0.00028344671201807614,29659,afternoon
20260805,2026-08-05 13:36:00,600150.SH,中国船舶,35.29,35.3,35.26,35.26,308982.0,10900713.0,tushare,2026-08-06 20:08:39,,35.279443462725986,35.99601365770588,0.025894675589176686,-0.0008500991782375289,29660,afternoon
20260805,2026-08-05 13:37:00,600150.SH,中国船舶,35.25,35.27,35.25,35.26,336600.0,11868976.0,tushare,2026-08-06 20:08:39,,35.26136660724896,35.995994050919755,0.025894675589176686,0.0,29661,afternoon
20260805,2026-08-05 13:38:00,600150.SH,中国船舶,35.25,35.26,35.21,35.21,245626.0,8652534.0,tushare,2026-08-06 20:08:39,,35.22645811111202,35.99597906413928,0.024439918533605054,-0.0014180374361881798,29662,afternoon
20260805,2026-08-05 13:39:00,600150.SH,中国船舶,35.2,35.2,35.15,35.15,280979.0,9883333.0,tushare,2026-08-06 20:08:39,,35.17463226789191,35.995960766466474,0.022694210066918963,-0.0017040613462084853,29663,afternoon
20260805,2026-08-05 13:40:00,600150.SH,中国船舶,35.14,35.16,35.14,35.15,311154.0,10937084.0,tushare,2026-08-06 20:08:39,,35.15006716931166,35.995939898706176,0.022694210066918963,0.0,29664,afternoon
20260805,2026-08-05 13:41:00,600150.SH,中国船舶,35.15,35.17,35.15,35.16,270213.0,9499472.0,tushare,2026-08-06 20:08:39,,35.15549584957052,35.99592189381689,0.0229851614780332,0.00028449502133698346,29665,afternoon
20260805,2026-08-05 13:42:00,600150.SH,中国船舶,35.16,35.18,35.16,35.16,157100.0,5524586.0,tushare,2026-08-06 20:08:39,,35.16604710375557,35.995911557667995,0.0229851614780332,0.0,29666,afternoon
20260805,2026-08-05 13:43:00,600150.SH,中国船舶,35.16,35.16,35.14,35.15,325162.0,11428853.0,tushare,2026-08-06 20:08:39,,35.14818152182605,35.995889704411574,0.022694210066918963,-0.00028441410693968994,29667,afternoon
20260805,2026-08-05 13:44:00,600150.SH,中国船舶,35.15,35.18,35.15,35.17,200374.0,7046984.0,tushare,2026-08-06 20:08:39,,35.16915368261351,35.995876571526786,0.02327611288914766,0.000568990042674411,29668,afternoon
20260805,2026-08-05 13:45:00,600150.SH,中国船舶,35.17,35.18,35.16,35.17,179726.0,6320672.0,tushare,2026-08-06 20:08:39,,35.16837853176502,35.99586478126087,0.02327611288914766,0.0,29669,afternoon
20260805,2026-08-05 13:46:00,600150.SH,中国船舶,35.17,35.19,35.16,35.17,288500.0,10149759.0,tushare,2026-08-06 20:08:39,,35.181140381282496,35.995846147851495,0.02327611288914766,0.0,29670,afternoon
20260805,2026-08-05 13:47:00,600150.SH,中国船舶,35.18,35.18,35.16,35.16,200474.0,7050687.0,tushare,2026-08-06 20:08:39,,35.17008190588306,35.995833024552866,0.0229851614780332,-0.0002843332385557007,29671,afternoon
20260805,2026-08-05 13:48:00,600150.SH,中国船舶,35.17,35.18,35.16,35.17,139400.0,4902440.0,tushare,2026-08-06 20:08:39,,35.16814921090388,35.99582387812909,0.02327611288914766,0.00028441410693980096,29672,afternoon
20260805,2026-08-05 13:49:00,600150.SH,中国船舶,35.18,35.18,35.16,35.18,80052.0,2815367.0,tushare,2026-08-06 20:08:39,,35.16922750212362,35.99581863262764,0.023567064300261897,0.0002843332385555897,29673,afternoon
20260805,2026-08-05 13:50:00,600150.SH,中国船舶,35.18,35.19,35.16,35.18,272200.0,9576201.0,tushare,2026-08-06 20:08:39,,35.18075312270389,35.99580104559403,0.023567064300261897,0.0,29674,afternoon
20260805,2026-08-05 13:51:00,600150.SH,中国船舶,35.19,35.25,35.19,35.22,462929.0,16300818.0,tushare,2026-08-06 20:08:39,,35.212350058000254,35.995772296627315,0.02473086994471929,0.0011370096645821892,29675,afternoon
20260805,2026-08-05 13:52:00,600150.SH,中国船舶,35.21,35.23,35.19,35.2,200500.0,7060021.0,tushare,2026-08-06 20:08:39,,35.21207481296758,35.99575984139172,0.024148967122490594,-0.0005678591709254999,29676,afternoon
20260805,2026-08-05 13:53:00,600150.SH,中国船舶,35.19,35.2,35.15,35.2,315300.0,11091494.0,tushare,2026-08-06 20:08:39,,35.17758959720901,35.99573939362344,0.024148967122490594,0.0,29677,afternoon
20260805,2026-08-05 13:54:00,600150.SH,中国船舶,35.2,35.2,35.18,35.2,222300.0,7823289.0,tushare,2026-08-06 20:08:39,,35.192483130904186,35.9957252401122,0.024148967122490594,0.0,29678,afternoon
20260805,2026-08-05 13:55:00,600150.SH,中国船舶,35.19,35.2,35.18,35.19,105100.0,3698563.0,tushare,2026-08-06 20:08:39,,35.190894386298766,35.995718535489765,0.023858015711376135,-0.0002840909090910948,29679,afternoon
20260805,2026-08-05 13:56:00,600150.SH,中国船舶,35.19,35.19,35.17,35.17,101900.0,3584754.0,tushare,2026-08-06 20:08:39,,35.17913640824337,35.99571194014444,0.02327611288914766,-0.0005683432793406329,29680,afternoon
20260805,2026-08-05 13:57:00,600150.SH,中国船舶,35.18,35.2,35.17,35.18,148800.0,5235165.0,tushare,2026-08-06 20:08:39,,35.182560483870965,35.995702349832385,0.023567064300261897,0.0002843332385555897,29681,afternoon
20260805,2026-08-05 13:58:00,600150.SH,中国船舶,35.19,35.2,35.18,35.2,105034.0,3696258.0,tushare,2026-08-06 20:08:39,,35.1910619418474,35.99569565119465,0.024148967122490594,0.0005685048322912056,29682,afternoon
20260805,2026-08-05 13:59:00,600150.SH,中国船舶,35.19,35.22,35.19,35.21,321787.0,11328682.0,tushare,2026-08-06 20:08:39,,35.20553036636036,35.995675498639805,0.024439918533605054,0.00028409090909087276,29683,afternoon
20260805,2026-08-05 14:00:00,600150.SH,中国船舶,35.21,35.21,35.19,35.2,111187.0,3913849.0,tushare,2026-08-06 20:08:39,,35.200598990889226,35.99566849211316,0.024148967122490594,-0.00028401022436796985,29684,afternoon
