trade_date,trade_time,ts_code,name,open,high,low,close,volume,amount,source,created_at,pre_close,avg_price,vwap_cum,ret_from_open,ret_from_prev_min,bar_index,session
20260622,2026-06-22 13:42:00,600150.SH,中国船舶,37.0,37.01,36.99,36.99,223409.0,8266010.0,tushare,2026-06-23 21:20:32,,36.99944944026427,36.21226980398809,0.030075187969925032,-0.0002702702702702675,27313,afternoon
20260622,2026-06-22 13:43:00,600150.SH,中国船舶,37.01,37.01,36.98,37.0,438240.0,16215207.0,tushare,2026-06-23 21:20:32,,37.00074616648412,36.21230179716796,0.030353661932609466,0.0002703433360367047,27314,afternoon
20260622,2026-06-22 13:44:00,600150.SH,中国船舶,37.01,37.01,36.96,36.96,348100.0,12877688.0,tushare,2026-06-23 21:20:32,,36.99422005170928,36.21232699760617,0.02923976608187151,-0.00108108108108107,27315,afternoon
20260622,2026-06-22 13:45:00,600150.SH,中国船舶,36.96,37.02,36.96,37.01,323432.0,11965555.0,tushare,2026-06-23 21:20:32,,36.99558176061738,36.212350451542584,0.0306321358952939,0.0013528138528138278,27316,afternoon
20260622,2026-06-22 13:46:00,600150.SH,中国船舶,37.02,37.04,37.02,37.03,301787.0,11175371.0,tushare,2026-06-23 21:20:32,,37.03065738418156,36.212373314601564,0.03118908382066299,0.0005403944879762701,27317,afternoon
20260622,2026-06-22 13:47:00,600150.SH,中国船舶,37.03,37.1,37.03,37.1,520326.0,19280392.0,tushare,2026-06-23 21:20:32,,37.05444663537859,36.21241387685681,0.033138401559454245,0.001890359168241984,27318,afternoon
20260622,2026-06-22 13:48:00,600150.SH,中国船舶,37.09,37.1,37.07,37.08,521700.0,19352290.0,tushare,2026-06-23 21:20:32,,37.09467126701169,36.212456484923145,0.032581453634085156,-0.0005390835579515141,27319,afternoon
20260622,2026-06-22 13:49:00,600150.SH,中国船舶,37.09,37.2,37.09,37.12,1506592.0,55978544.0,tushare,2026-06-23 21:20:32,,37.15574223147342,36.21258802377515,0.03369534948482311,0.0010787486515642097,27320,afternoon
20260622,2026-06-22 13:50:00,600150.SH,中国船舶,37.13,37.18,37.12,37.16,452357.0,16806424.0,tushare,2026-06-23 21:20:32,,37.15300968040729,36.21262739698956,0.03480924533556107,0.0010775862068965747,27321,afternoon
20260622,2026-06-22 13:51:00,600150.SH,中国船舶,37.16,37.19,37.16,37.16,539700.0,20064888.0,tushare,2026-06-23 21:20:32,,37.177854363535296,36.21267560920699,0.03480924533556107,0.0,27322,afternoon
20260622,2026-06-22 13:52:00,600150.SH,中国船舶,37.16,37.16,37.14,37.15,255389.0,9488515.0,tushare,2026-06-23 21:20:32,,37.15318592421757,36.212697838759865,0.034530771372876634,-0.00026910656620016127,27323,afternoon
20260622,2026-06-22 13:53:00,600150.SH,中国船舶,37.15,37.15,37.11,37.12,424100.0,15748743.0,tushare,2026-06-23 21:20:32,,37.134503654798394,36.21273401768398,0.03369534948482311,-0.0008075370121131131,27324,afternoon
20260622,2026-06-22 13:54:00,600150.SH,中国船舶,37.12,37.13,37.11,37.13,282200.0,10474700.0,tushare,2026-06-23 21:20:32,,37.11800141743444,36.21275765893639,0.03397382344750777,0.0002693965517241992,27325,afternoon
20260622,2026-06-22 13:55:00,600150.SH,中国船舶,37.13,37.15,37.12,37.14,332076.0,12331647.0,tushare,2026-06-23 21:20:32,,37.13501427384093,36.2127859997629,0.0342522974101922,0.000269323996768156,27326,afternoon
20260622,2026-06-22 13:56:00,600150.SH,中国船舶,37.14,37.14,37.12,37.13,181900.0,6754302.0,tushare,2026-06-23 21:20:32,,37.131951621770206,36.212801471618555,0.03397382344750777,-0.0002692514808830815,27327,afternoon
20260622,2026-06-22 13:57:00,600150.SH,中国船舶,37.13,37.13,37.1,37.1,164824.0,6117101.0,tushare,2026-06-23 21:20:32,,37.11292651555598,36.21281520041936,0.033138401559454245,-0.000807971990304357,27328,afternoon
20260622,2026-06-22 13:58:00,600150.SH,中国船舶,37.1,37.11,37.06,37.06,285561.0,10588815.0,tushare,2026-06-23 21:20:32,,37.0807463204009,36.212838134534465,0.03202450570871629,-0.0010781671159029171,27329,afternoon
20260622,2026-06-22 13:59:00,600150.SH,中国船舶,37.06,37.07,37.06,37.06,219822.0,8146337.0,tushare,2026-06-23 21:20:32,,37.05878847431104,36.21285534152911,0.03202450570871629,0.0,27330,afternoon
20260622,2026-06-22 14:00:00,600150.SH,中国船舶,37.07,37.07,37.04,37.05,303500.0,11247015.0,tushare,2026-06-23 21:20:32,,37.05771004942339,36.212879067146744,0.031746031746031855,-0.00026983270372382684,27331,afternoon
20260623,2026-06-23 09:30:00,600150.SH,中国船舶,37.5,37.5,37.5,37.5,700505.0,26268938.0,tushare,2026-06-23 21:20:32,,37.50000071377078,36.212962488933655,0.044277360066833804,0.012145748987854255,27332,morning
20260623,2026-06-23 09:31:00,600150.SH,中国船舶,37.52,37.8,37.52,37.66,2856632.0,107449910.0,tushare,2026-06-23 21:20:32,,37.61419391787251,36.21333274147723,0.04873294346978563,0.004266666666666641,27333,morning
20260623,2026-06-23 09:32:00,600150.SH,中国船舶,37.68,37.89,37.62,37.88,2978995.0,112340510.0,tushare,2026-06-23 21:20:32,,37.7108756476597,36.21374527883092,0.0548593706488445,0.005841741901221553,27334,morning
20260623,2026-06-23 09:33:00,600150.SH,中国船舶,37.88,37.92,37.62,37.69,2541400.0,95897180.0,tushare,2026-06-23 21:20:32,,37.73399700952231,36.21410246999752,0.04956836535783915,-0.0050158394931363315,27335,morning
20260623,2026-06-23 09:34:00,600150.SH,中国船舶,37.6,37.68,37.48,37.49,2190273.0,82340930.0,tushare,2026-06-23 21:20:32,,37.59391180916717,36.21438181543018,0.04399888610414937,-0.005306447333510156,27336,morning
20260623,2026-06-23 09:35:00,600150.SH,中国船舶,37.5,37.53,37.38,37.53,1434389.0,53708416.0,tushare,2026-06-23 21:20:32,,37.44341039982878,36.21454474338215,0.04511278195488733,0.0010669511869831894,27337,morning
20260623,2026-06-23 09:36:00,600150.SH,中国船舶,37.52,37.52,37.34,37.34,1415506.0,52945068.0,tushare,2026-06-23 21:20:32,,37.40363375358353,36.21470028117694,0.0398217766638822,-0.0050626165734078965,27338,morning
20260623,2026-06-23 09:37:00,600150.SH,中国船舶,37.35,37.36,37.3,37.32,1300378.0,48552316.0,tushare,2026-06-23 21:20:32,,37.33707891090129,36.214835136059705,0.03926482873851311,-0.0005356186395287788,27339,morning
20260623,2026-06-23 09:38:00,600150.SH,中国船舶,37.3,37.33,37.25,37.26,842113.0,31411692.0,tushare,2026-06-23 21:20:32,,37.30104154668079,36.21491964577063,0.03759398496240607,-0.001607717041800738,27340,morning
20260623,2026-06-23 09:39:00,600150.SH,中国船舶,37.24,37.35,37.21,37.35,826588.0,30809928.0,tushare,2026-06-23 21:20:32,,37.27362119943672,36.215000490807654,0.040100250626566636,0.0024154589371980784,27341,morning
20260623,2026-06-23 09:40:00,600150.SH,中国船舶,37.35,37.38,37.25,37.25,719273.0,26853012.0,tushare,2026-06-23 21:20:32,,37.33354651154708,36.21507481145362,0.037315510999721635,-0.0026773761713521083,27342,morning
20260623,2026-06-23 09:41:00,600150.SH,中国船舶,37.24,37.24,37.11,37.15,1123080.0,41751344.0,tushare,2026-06-23 21:20:32,,37.17575239519892,36.215174467844946,0.034530771372876634,-0.0026845637583893245,27343,morning
20260623,2026-06-23 09:42:00,600150.SH,中国船舶,37.17,37.32,37.17,37.28,1549427.0,57753428.0,tushare,2026-06-23 21:20:32,,37.27405550568049,36.21532598888656,0.03815093288777516,0.003499327052489898,27344,morning
20260623,2026-06-23 09:43:00,600150.SH,中国船舶,37.28,37.35,37.13,37.15,1425700.0,53099764.0,tushare,2026-06-23 21:20:32,,37.24469664024689,36.21546150701916,0.034530771372876634,-0.0034871244635193976,27345,morning
20260623,2026-06-23 09:44:00,600150.SH,中国船舶,37.16,37.2,37.13,37.17,774440.0,28777768.0,tushare,2026-06-23 21:20:32,,37.15945457362739,36.2155290100078,0.03508771929824572,0.0005383580080755568,27346,morning
20260623,2026-06-23 09:45:00,600150.SH,中国船舶,37.18,37.2,37.12,37.12,755954.0,28082384.0,tushare,2026-06-23 21:20:32,,37.14827092653786,36.21559411180394,0.03369534948482311,-0.0013451708366963855,27347,morning
20260623,2026-06-23 09:46:00,600150.SH,中国船舶,37.13,37.13,37.05,37.08,909946.0,33749212.0,tushare,2026-06-23 21:20:32,,37.0892470542208,36.21566750472722,0.032581453634085156,-0.0010775862068965747,27348,morning
20260623,2026-06-23 09:47:00,600150.SH,中国船舶,37.07,37.07,37.0,37.02,1143087.0,42328184.0,tushare,2026-06-23 21:20:32,,37.029713398892646,36.215753402512995,0.030910609857978555,-0.0016181229773462036,27349,morning
20260623,2026-06-23 09:48:00,600150.SH,中国船舶,37.03,37.03,36.93,36.98,1355761.0,50146210.0,tushare,2026-06-23 21:20:32,,36.987500009219914,36.21584997586576,0.029796714007240377,-0.0010804970286333315,27350,morning
20260623,2026-06-23 09:49:00,600150.SH,中国船舶,36.98,37.01,36.92,37.0,774347.0,28629990.0,tushare,2026-06-23 21:20:32,,36.97307537835105,36.215904092303354,0.030353661932609466,0.0005408328826392861,27351,morning
20260623,2026-06-23 09:50:00,600150.SH,中国船舶,37.04,37.1,37.04,37.1,547835.0,20306936.0,tushare,2026-06-23 21:20:32,,37.067613423749854,36.21594715365201,0.033138401559454245,0.002702702702702675,27352,morning
20260623,2026-06-23 09:51:00,600150.SH,中国船舶,37.1,37.1,36.93,36.95,760565.0,28145648.0,tushare,2026-06-23 21:20:32,,37.00623615338597,36.216002621106725,0.028961292119187076,-0.0040431266846361336,27353,morning
20260623,2026-06-23 09:52:00,600150.SH,中国船舶,36.94,37.05,36.94,37.05,608985.0,22530752.0,tushare,2026-06-23 21:20:32,,36.99721996436694,36.21604652166371,0.031746031746031855,0.0027063599458725385,27354,morning
20260623,2026-06-23 09:53:00,600150.SH,中国船舶,37.09,37.19,37.09,37.18,799200.0,29686476.0,tushare,2026-06-23 21:20:32,,37.14524024024024,36.216115042281864,0.03536619326093016,0.0035087719298245723,27355,morning
20260623,2026-06-23 09:54:00,600150.SH,中国船舶,37.16,37.3,37.08,37.15,667189.0,24802372.0,tushare,2026-06-23 21:20:32,,37.17443183265911,36.21617403396283,0.034530771372876634,-0.0008068854222700317,27356,morning
20260623,2026-06-23 09:55:00,600150.SH,中国船舶,37.16,37.27,37.15,37.2,780700.0,29081956.0,tushare,2026-06-23 21:20:32,,37.25112847444601,36.21624857697312,0.035923141186299246,0.0013458950201885589,27357,morning
20260623,2026-06-23 09:56:00,600150.SH,中国船舶,37.21,37.23,37.1,37.1,400400.0,14889075.0,tushare,2026-06-23 21:20:32,,37.185501998001996,36.216284379764204,0.033138401559454245,-0.0026881720430107503,27358,morning
20260623,2026-06-23 09:57:00,600150.SH,中国船舶,37.1,37.1,37.07,37.07,287188.0,10652623.0,tushare,2026-06-23 21:20:32,,37.09285555106759,36.216307603251735,0.03230297967140072,-0.0008086253369272711,27359,morning
20260623,2026-06-23 09:58:00,600150.SH,中国船舶,37.07,37.12,37.06,37.08,551600.0,20451386.0,tushare,2026-06-23 21:20:32,,37.07647933284989,36.21635137171416,0.032581453634085156,0.0002697599136767259,27360,morning
20260623,2026-06-23 09:59:00,600150.SH,中国船舶,37.07,37.08,37.02,37.03,472300.0,17499378.0,tushare,2026-06-23 21:20:32,,37.051403768791026,36.21638775187539,0.03118908382066299,-0.0013484358144552067,27361,morning
20260623,2026-06-23 10:00:00,600150.SH,中国船舶,37.04,37.06,37.01,37.02,626100.0,23182712.0,tushare,2026-06-23 21:20:32,,37.027171378374064,36.216434574584625,0.030910609857978555,-0.00027005130974877556,27362,morning
20260623,2026-06-23 10:01:00,600150.SH,中国船舶,37.02,37.04,37.01,37.04,500416.0,18526744.0,tushare,2026-06-23 21:20:32,,37.02268512597519,36.216471787100424,0.03146755778334742,0.0005402485143164437,27363,morning
20260623,2026-06-23 10:02:00,600150.SH,中国船舶,37.04,37.07,37.03,37.07,330300.0,12241150.0,tushare,2026-06-23 21:20:32,,37.06070239176506,36.21649750551871,0.03230297967140072,0.0008099352051835762,27364,morning
20260623,2026-06-23 10:03:00,600150.SH,中国船舶,37.07,37.07,36.98,36.98,999100.0,36987356.0,tushare,2026-06-23 21:20:32,,37.02067460714643,36.21657160159899,0.029796714007240377,-0.0024278392230915324,27365,morning
20260623,2026-06-23 10:04:00,600150.SH,中国船舶,36.99,37.01,36.93,36.93,640915.0,23684244.0,tushare,2026-06-23 21:20:32,,36.95379886568422,36.21661517392331,0.028404344193817987,-0.0013520822065981042,27366,morning
20260623,2026-06-23 10:05:00,600150.SH,中国船舶,36.93,36.93,36.81,36.88,1430294.0,52737252.0,tushare,2026-06-23 21:20:32,,36.871616604698055,36.21670155511494,0.027011974380395598,-0.001353912808015112,27367,morning
20260623,2026-06-23 10:06:00,600150.SH,中国船舶,36.89,36.89,36.76,36.82,1795206.0,66078400.0,tushare,2026-06-23 21:20:32,,36.80825487437097,36.21679945629599,0.025341130604288553,-0.0016268980477224249,27368,morning
20260623,2026-06-23 10:07:00,600150.SH,中国船舶,36.83,36.84,36.77,36.81,1036288.0,38134290.0,tushare,2026-06-23 21:20:32,,36.79893041316699,36.21685506457063,0.02506265664160412,-0.00027159152634437245,27369,morning
20260623,2026-06-23 10:08:00,600150.SH,中国船舶,36.8,36.81,36.78,36.81,511612.0,18826640.0,tushare,2026-06-23 21:20:32,,36.79866774039702,36.21688250188987,0.02506265664160412,0.0,27370,morning
20260623,2026-06-23 10:09:00,600150.SH,中国船舶,36.81,36.83,36.8,36.82,360300.0,13262511.0,tushare,2026-06-23 21:20:32,,36.80963363863447,36.21690218709794,0.025341130604288553,0.0002716653083401077,27371,morning
20260623,2026-06-23 10:10:00,600150.SH,中国船舶,36.85,36.87,36.84,36.87,424455.0,15640525.0,tushare,2026-06-23 21:20:32,,36.84848806116078,36.21692689582792,0.026733500417710943,0.0013579576317217512,27372,morning
20260623,2026-06-23 10:11:00,600150.SH,中国船舶,36.87,36.87,36.8,36.8,649900.0,23939504.0,tushare,2026-06-23 21:20:32,,36.83567318048931,36.2169639570289,0.024784182678919464,-0.0018985625169514186,27373,morning
20260623,2026-06-23 10:12:00,600150.SH,中国船舶,36.8,36.8,36.72,36.72,1119300.0,41145890.0,tushare,2026-06-23 21:20:32,,36.76037702135263,36.21702000915978,0.022556390977443774,-0.0021739130434782483,27374,morning
20260623,2026-06-23 10:13:00,600150.SH,中国船舶,36.73,36.75,36.69,36.71,1200000.0,44055824.0,tushare,2026-06-23 21:20:32,,36.713186666666665,36.21707487175491,0.02227791701475934,-0.0002723311546840579,27375,morning
20260623,2026-06-23 10:14:00,600150.SH,中国船舶,36.71,36.74,36.68,36.71,706285.0,25922854.0,tushare,2026-06-23 21:20:32,,36.70310710265686,36.21710650067141,0.02227791701475934,0.0,27376,morning
20260623,2026-06-23 10:15:00,600150.SH,中国船舶,36.72,36.74,36.69,36.69,525900.0,19306306.0,tushare,2026-06-23 21:20:32,,36.71098307663054,36.21713043051266,0.021720969089390252,-0.0005448106782893758,27377,morning
20260623,2026-06-23 10:16:00,600150.SH,中国船舶,36.68,36.7,36.66,36.69,924113.0,33890892.0,tushare,2026-06-23 21:20:32,,36.673969525371895,36.21716932334624,0.021720969089390252,0.0,27378,morning
20260623,2026-06-23 10:17:00,600150.SH,中国船舶,36.69,36.83,36.69,36.8,463600.0,17052290.0,tushare,2026-06-23 21:20:32,,36.782333908541844,36.217193460222404,0.024784182678919464,0.0029980921231942403,27379,morning
20260623,2026-06-23 10:18:00,600150.SH,中国船舶,36.8,36.82,36.75,36.75,309100.0,11373082.0,tushare,2026-06-23 21:20:32,,36.79418311226141,36.21720988945803,0.023391812865497075,-0.0013586956521738358,27380,morning
20260623,2026-06-23 10:19:00,600150.SH,中国船舶,36.74,36.74,36.69,36.7,374000.0,13730654.0,tushare,2026-06-23 21:20:32,,36.712978609625665,36.2172269693882,0.021999443052074907,-0.0013605442176869431,27381,morning
20260623,2026-06-23 10:20:00,600150.SH,中国船舶,36.7,36.7,36.64,36.67,916101.0,33594216.0,tushare,2026-06-23 21:20:32,,36.670864893718054,36.21726524758145,0.021164021164021385,-0.0008174386920981602,27382,morning
20260623,2026-06-23 10:21:00,600150.SH,中国船舶,36.67,36.75,36.67,36.75,243868.0,8949536.0,tushare,2026-06-23 21:20:32,,36.69827939705086,36.21727605200578,0.023391812865497075,0.0021816198527406794,27383,morning
20260623,2026-06-23 10:22:00,600150.SH,中国船舶,36.76,36.82,36.76,36.8,294122.0,10818081.0,tushare,2026-06-23 21:20:32,,36.78093104222057,36.217291321268426,0.024784182678919464,0.0013605442176869431,27384,morning
20260623,2026-06-23 10:23:00,600150.SH,中国船舶,36.8,36.8,36.75,36.75,385778.0,14185882.0,tushare,2026-06-23 21:20:32,,36.77213838010462,36.217311035166794,0.023391812865497075,-0.0013586956521738358,27385,morning
20260623,2026-06-23 10:24:00,600150.SH,中国船舶,36.75,36.77,36.73,36.73,314771.0,11565571.0,tushare,2026-06-23 21:20:32,,36.74280985224179,36.21732626922582,0.022834864940128208,-0.0005442176870749105,27386,morning
20260623,2026-06-23 10:25:00,600150.SH,中国船舶,36.74,36.74,36.71,36.74,243969.0,8959184.0,tushare,2026-06-23 21:20:32,,36.72263279351065,36.21733762270509,0.02311333890281264,0.000272257010618171,27387,morning
20260623,2026-06-23 10:26:00,600150.SH,中国船舶,36.75,36.8,36.75,36.79,221700.0,8153236.0,tushare,2026-06-23 21:20:32,,36.77598556608029,36.21734902873352,0.02450570871623503,0.0013609145345672147,27388,morning
20260623,2026-06-23 10:27:00,600150.SH,中国船舶,36.79,36.8,36.75,36.75,446600.0,16421785.0,tushare,2026-06-23 21:20:32,,36.77067845947156,36.21737178574243,0.023391812865497075,-0.0010872519706441874,27389,morning
20260623,2026-06-23 10:28:00,600150.SH,中国船舶,36.75,36.76,36.72,36.76,217000.0,7972812.0,tushare,2026-06-23 21:20:32,,36.741069124423966,36.21738225086002,0.023670286828181508,0.0002721088435373442,27390,morning
20260623,2026-06-23 10:29:00,600150.SH,中国船舶,36.76,36.8,36.75,36.79,256400.0,9430026.0,tushare,2026-06-23 21:20:32,,36.77857254290171,36.2173955010446,0.02450570871623503,0.0008161044613710366,27391,morning
20260623,2026-06-23 10:30:00,600150.SH,中国船舶,36.79,36.79,36.74,36.75,386900.0,14221188.0,tushare,2026-06-23 21:20:32,,36.756753683122255,36.21741471665948,0.023391812865497075,-0.0010872519706441874,27392,morning
20260623,2026-06-23 10:31:00,600150.SH,中国船舶,36.76,36.76,36.73,36.76,359462.0,13204787.0,tushare,2026-06-23 21:20:32,,36.734862099470874,36.217431843730196,0.023670286828181508,0.0002721088435373442,27393,morning
20260623,2026-06-23 10:32:00,600150.SH,中国船舶,36.77,36.8,36.77,36.8,335700.0,12346950.0,tushare,2026-06-23 21:20:32,,36.77971403038427,36.21744922398551,0.024784182678919464,0.0010881392818280489,27394,morning
20260623,2026-06-23 10:33:00,600150.SH,中国船舶,36.79,36.81,36.73,36.73,514309.0,18912540.0,tushare,2026-06-23 21:20:32,,36.77271834636376,36.21747551804054,0.022834864940128208,-0.0019021739130434812,27395,morning
20260623,2026-06-23 10:34:00,600150.SH,中国船舶,36.75,36.76,36.73,36.73,196200.0,7209339.0,tushare,2026-06-23 21:20:32,,36.74484709480122,36.2174850446376,0.022834864940128208,0.0,27396,morning
20260623,2026-06-23 10:35:00,600150.SH,中国船舶,36.73,36.75,36.72,36.73,227100.0,8343003.0,tushare,2026-06-23 21:20:32,,36.737133421400266,36.217495909887084,0.022834864940128208,0.0,27397,morning
20260623,2026-06-23 10:36:00,600150.SH,中国船舶,36.73,36.75,36.73,36.73,192851.0,7085570.0,tushare,2026-06-23 21:20:32,,36.741162866669086,36.21750520773308,0.022834864940128208,0.0,27398,morning
20260623,2026-06-23 10:37:00,600150.SH,中国船舶,36.74,36.74,36.7,36.7,381149.0,13994003.0,tushare,2026-06-23 21:20:32,,36.71530818656221,36.217522675698305,0.021999443052074907,-0.0008167710318539578,27399,morning
20260623,2026-06-23 10:38:00,600150.SH,中国船舶,36.71,36.71,36.65,36.66,840700.0,30835720.0,tushare,2026-06-23 21:20:32,,36.67862495539431,36.21755836144162,0.02088554720133673,-0.0010899182561309173,27400,morning
20260623,2026-06-23 10:39:00,600150.SH,中国船舶,36.66,36.7,36.66,36.7,214017.0,7849538.0,tushare,2026-06-23 21:20:32,,36.67717050514679,36.21756741642466,0.021999443052074907,0.0010911074740864724,27401,morning
20260623,2026-06-23 10:40:00,600150.SH,中国船舶,36.7,36.73,36.7,36.7,216068.0,7932951.0,tushare,2026-06-23 21:20:32,,36.71506655312216,36.217577311566394,0.021999443052074907,0.0,27402,morning
20260623,2026-06-23 10:41:00,600150.SH,中国船舶,36.7,36.7,36.66,36.66,388315.0,14240998.0,tushare,2026-06-23 21:20:32,,36.673829236573404,36.217593620012735,0.02088554720133673,-0.0010899182561309173,27403,morning
20260623,2026-06-23 10:42:00,600150.SH,中国船舶,36.66,36.69,36.66,36.69,178712.0,6554596.0,tushare,2026-06-23 21:20:32,,36.67686557142218,36.21760117511255,0.021720969089390252,0.0008183306055646877,27404,morning
20260623,2026-06-23 10:43:00,600150.SH,中国船舶,36.69,36.69,36.66,36.67,324800.0,11911394.0,tushare,2026-06-23 21:20:32,,36.673011083743845,36.21761479025157,0.021164021164021385,-0.0005451076587624781,27405,morning
20260623,2026-06-23 10:44:00,600150.SH,中国船舶,36.66,36.67,36.62,36.63,469786.0,17215952.0,tushare,2026-06-23 21:20:32,,36.64637090079313,36.21763332963119,0.02005012531328343,-0.0010908099263703397,27406,morning
20260623,2026-06-23 10:45:00,600150.SH,中国船舶,36.63,36.64,36.62,36.64,273102.0,10002726.0,tushare,2026-06-23 21:20:32,,36.626337412395365,36.217643602878546,0.020328599275967862,0.00027300027300025675,27407,morning
20260623,2026-06-23 10:46:00,600150.SH,中国船舶,36.64,36.66,36.63,36.64,215800.0,7908073.0,tushare,2026-06-23 21:20:32,,36.645379981464316,36.217652098455744,0.020328599275967862,0.0,27408,morning
20260623,2026-06-23 10:47:00,600150.SH,中国船舶,36.64,36.66,36.63,36.66,203600.0,7461092.0,tushare,2026-06-23 21:20:32,,36.64583497053045,36.21766012196187,0.02088554720133673,0.0005458515283842669,27409,morning
20260623,2026-06-23 10:48:00,600150.SH,中国船舶,36.66,36.68,36.66,36.66,160182.0,5873584.0,tushare,2026-06-23 21:20:32,,36.66818993395013,36.21766676379511,0.02088554720133673,0.0,27410,morning
20260623,2026-06-23 10:49:00,600150.SH,中国船舶,36.67,36.67,36.63,36.65,255600.0,9365513.0,tushare,2026-06-23 21:20:32,,36.64128716744914,36.21767672881625,0.020607073238652296,-0.00027277686852145155,27411,morning
20260623,2026-06-23 10:50:00,600150.SH,中国船舶,36.64,36.64,36.55,36.56,1617298.0,59191784.0,tushare,2026-06-23 21:20:32,,36.59918209260136,36.217733505048116,0.01810080757449195,-0.0024556616643928164,27412,morning
20260623,2026-06-23 10:51:00,600150.SH,中国船舶,36.55,36.61,36.54,36.61,391314.0,14309869.0,tushare,2026-06-23 21:20:32,,36.56876319273014,36.21774614453558,0.01949317738791434,0.001367614879649759,27413,morning
20260623,2026-06-23 10:52:00,600150.SH,中国船舶,36.6,36.62,36.6,36.62,254634.0,9323317.0,tushare,2026-06-23 21:20:32,,36.61458014247901,36.217755442231095,0.019771651350598773,0.0002731494127286016,27414,morning
20260623,2026-06-23 10:53:00,600150.SH,中国船舶,36.62,36.69,36.62,36.66,208488.0,7640421.0,tushare,2026-06-23 21:20:32,,36.646814205134106,36.21776367298398,0.02088554720133673,0.0010922992900055384,27415,morning
20260623,2026-06-23 10:54:00,600150.SH,中国船舶,36.67,36.75,36.67,36.75,223800.0,8213516.0,tushare,2026-06-23 21:20:32,,36.70025022341376,36.21777360821738,0.023391812865497075,0.002454991816694063,27416,morning
20260623,2026-06-23 10:55:00,600150.SH,中国船舶,36.75,36.78,36.75,36.77,213203.0,7838170.0,tushare,2026-06-23 21:20:32,,36.76388230934837,36.21778432086128,0.023948760790866164,0.0005442176870749105,27417,morning
20260623,2026-06-23 10:56:00,600150.SH,中国船舶,36.75,37.02,36.75,36.99,1103947.0,40780092.0,tushare,2026-06-23 21:20:32,,36.940262530719316,36.217857696708386,0.030075187969925032,0.005983138428066415,27418,morning
20260623,2026-06-23 10:57:00,600150.SH,中国船舶,36.99,37.01,36.95,36.96,396400.0,14662547.0,tushare,2026-06-23 21:20:32,,36.98927093844601,36.2178858277005,0.02923976608187151,-0.0008110300081103361,27419,morning
20260623,2026-06-23 10:58:00,600150.SH,中国船舶,36.97,37.1,36.97,36.99,976600.0,36202852.0,tushare,2026-06-23 21:20:32,,37.070296948597175,36.217962403426746,0.030075187969925032,0.0008116883116884299,27420,morning
20260623,2026-06-23 10:59:00,600150.SH,中国船舶,36.98,36.99,36.93,36.93,444800.0,16446803.0,tushare,2026-06-23 21:20:32,,36.97572616906475,36.21799340659959,0.028404344193817987,-0.0016220600162206722,27421,morning
20260623,2026-06-23 11:00:00,600150.SH,中国船舶,36.92,36.92,36.86,36.88,163789.0,6040752.0,tushare,2026-06-23 21:20:32,,36.88130460531538,36.218003399764314,0.027011974380395598,-0.001353912808015112,27422,morning
20260623,2026-06-23 11:01:00,600150.SH,中国船舶,36.89,36.91,36.87,36.88,263211.0,9709574.0,tushare,2026-06-23 21:20:32,,36.88893701251087,36.21801964305648,0.027011974380395598,0.0,27423,morning
20260623,2026-06-23 11:02:00,600150.SH,中国船舶,36.88,36.89,36.84,36.84,353927.0,13043083.0,tushare,2026-06-23 21:20:32,,36.85246675161827,36.218040296166116,0.025898078529657642,-0.0010845986984815426,27424,morning
20260623,2026-06-23 11:03:00,600150.SH,中国船舶,36.84,36.92,36.83,36.83,239300.0,8823985.0,tushare,2026-06-23 21:20:32,,36.87415378186377,36.21805473687249,0.025619604566972987,-0.00027144408251911223,27425,morning
20260623,2026-06-23 11:04:00,600150.SH,中国船舶,36.85,36.91,36.85,36.87,223767.0,8252616.0,tushare,2026-06-23 21:20:32,,36.88039791390151,36.21806836816203,0.026733500417710943,0.0010860711376594612,27426,morning
20260623,2026-06-23 11:05:00,600150.SH,中国船舶,36.86,36.87,36.81,36.84,245733.0,9053521.0,tushare,2026-06-23 21:20:32,,36.842918940476046,36.218082489884615,0.025898078529657642,-0.0008136696501218621,27427,morning
20260623,2026-06-23 11:06:00,600150.SH,中国船舶,36.81,36.82,36.8,36.8,179900.0,6622324.0,tushare,2026-06-23 21:20:32,,36.81113952195664,36.21809230213132,0.024784182678919464,-0.0010857763300762269,27428,morning
20260623,2026-06-23 11:07:00,600150.SH,中国船舶,36.8,36.81,36.78,36.78,121700.0,4478294.0,tushare,2026-06-23 21:20:32,,36.79781429745275,36.218098790661536,0.024227234753550597,-0.0005434782608694233,27429,morning
20260623,2026-06-23 11:08:00,600150.SH,中国船舶,36.78,36.82,36.78,36.81,179117.0,6591163.0,tushare,2026-06-23 21:20:32,,36.798087283730744,36.21810834465643,0.02506265664160412,0.0008156606851550396,27430,morning
20260623,2026-06-23 11:09:00,600150.SH,中国船舶,36.79,36.8,36.76,36.78,319610.0,11756037.0,tushare,2026-06-23 21:20:32,,36.78244422890398,36.218124931894614,0.024227234753550597,-0.0008149959250204342,27431,morning
20260623,2026-06-23 11:10:00,600150.SH,中国船舶,36.76,36.78,36.68,36.78,684519.0,25144840.0,tushare,2026-06-23 21:20:32,,36.73358957165542,36.2181573787866,0.024227234753550597,0.0,27432,morning
20260623,2026-06-23 11:11:00,600150.SH,中国船舶,36.78,36.78,36.74,36.74,179800.0,6609264.0,tushare,2026-06-23 21:20:32,,36.7589766407119,36.21816632055413,0.02311333890281264,-0.0010875475802065715,27433,morning
20260623,2026-06-23 11:12:00,600150.SH,中国船舶,36.74,36.75,36.71,36.75,119400.0,4385608.0,tushare,2026-06-23 21:20:32,,36.73038525963149,36.218171944442965,0.023391812865497075,0.00027218290691344293,27434,morning
20260623,2026-06-23 11:13:00,600150.SH,中国船舶,36.75,36.75,36.7,36.71,167100.0,6135907.0,tushare,2026-06-23 21:20:32,,36.719970077797726,36.21817965481949,0.02227791701475934,-0.001088435374149599,27435,morning
20260623,2026-06-23 11:14:00,600150.SH,中国船舶,36.71,36.72,36.7,36.71,125700.0,4614272.0,tushare,2026-06-23 21:20:32,,36.708607796340495,36.21818532341848,0.02227791701475934,0.0,27436,morning
20260623,2026-06-23 11:15:00,600150.SH,中国船舶,36.7,36.72,36.69,36.72,141650.0,5199652.0,tushare,2026-06-23 21:20:32,,36.70774444052241,36.218191699900515,0.022556390977443774,0.00027240533914452136,27437,morning
20260623,2026-06-23 11:16:00,600150.SH,中国船舶,36.72,36.72,36.69,36.71,126000.0,4624291.0,tushare,2026-06-23 21:20:32,,36.700722222222225,36.218197290388545,0.02227791701475934,-0.0002723311546840579,27438,morning
20260623,2026-06-23 11:17:00,600150.SH,中国船舶,36.71,36.74,36.71,36.71,208700.0,7662872.0,tushare,2026-06-23 21:20:32,,36.71716339242933,36.21820686540533,0.02227791701475934,0.0,27439,morning
20260623,2026-06-23 11:18:00,600150.SH,中国船舶,36.72,36.72,36.66,36.66,602250.0,22089552.0,tushare,2026-06-23 21:20:32,,36.67837608966376,36.21823234640033,0.02088554720133673,-0.001362026695723384,27440,morning
20260623,2026-06-23 11:19:00,600150.SH,中国船舶,36.68,36.69,36.66,36.66,150900.0,5534375.0,tushare,2026-06-23 21:20:32,,36.67577866136514,36.218238694449475,0.02088554720133673,0.0,27441,morning
20260623,2026-06-23 11:20:00,600150.SH,中国船舶,36.67,36.67,36.66,36.67,114367.0,4193014.0,tushare,2026-06-23 21:20:32,,36.66279608628363,36.21824336900127,0.021164021164021385,0.0002727768685217846,27442,morning
20260623,2026-06-23 11:21:00,600150.SH,中国船舶,36.66,36.68,36.64,36.65,180633.0,6622280.0,tushare,2026-06-23 21:20:32,,36.66151810577248,36.21825073063617,0.020607073238652296,-0.0005454049631852254,27443,morning
20260623,2026-06-23 11:22:00,600150.SH,中国船舶,36.63,36.64,36.63,36.64,147300.0,5396469.0,tushare,2026-06-23 21:20:32,,36.63590631364562,36.21825638676582,0.020328599275967862,-0.0002728512960435969,27444,morning
20260623,2026-06-23 11:23:00,600150.SH,中国船舶,36.64,36.64,36.61,36.62,273500.0,10017113.0,tushare,2026-06-23 21:20:32,,36.62564168190128,36.21826663030604,0.019771651350598773,-0.0005458515283843779,27445,morning
20260623,2026-06-23 11:24:00,600150.SH,中国船舶,36.62,36.63,36.61,36.62,195500.0,7159147.0,tushare,2026-06-23 21:20:32,,36.61967774936061,36.21827384496408,0.019771651350598773,0.0,27446,morning
20260623,2026-06-23 11:25:00,600150.SH,中国船舶,36.62,36.63,36.62,36.63,134515.0,4926023.0,tushare,2026-06-23 21:20:32,,36.620622235438425,36.21827882058409,0.02005012531328343,0.0002730748225014956,27447,morning
20260623,2026-06-23 11:26:00,600150.SH,中国船舶,36.62,36.63,36.58,36.59,529900.0,19393400.0,tushare,2026-06-23 21:20:32,,36.59822608039253,36.21829732904477,0.018936229462545473,-0.001092001092001027,27448,morning
20260623,2026-06-23 11:27:00,600150.SH,中国船舶,36.58,36.63,36.58,36.62,203713.0,7455728.0,tushare,2026-06-23 21:20:32,,36.599176292136484,36.21830446169064,0.019771651350598773,0.0008198961464880306,27449,morning
20260623,2026-06-23 11:28:00,600150.SH,中国船舶,36.63,36.65,36.62,36.63,155600.0,5700601.0,tushare,2026-06-23 21:20:32,,36.63625321336761,36.21831043990309,0.02005012531328343,0.0002730748225014956,27450,morning
20260623,2026-06-23 11:29:00,600150.SH,中国船舶,36.65,36.67,36.61,36.67,152100.0,5574151.0,tushare,2026-06-23 21:20:32,,36.6479355687048,36.21831644681878,0.021164021164021385,0.001092001092001027,27451,morning
20260623,2026-06-23 11:30:00,600150.SH,中国船舶,36.64,36.67,36.63,36.66,128260.0,4700846.0,tushare,2026-06-23 21:20:32,,36.6509122095743,36.21832154718104,0.02088554720133673,-0.0002727024815927237,27452,morning
20260623,2026-06-23 13:01:00,600150.SH,中国船舶,36.66,36.66,36.41,36.46,2819512.0,102951750.0,tushare,2026-06-23 21:20:32,,36.51403150616135,36.21839816942724,0.01531606794764695,-0.0054555373704309185,27453,afternoon
20260623,2026-06-23 13:02:00,600150.SH,中国船舶,36.47,36.49,36.46,36.49,375700.0,13703308.0,tushare,2026-06-23 21:20:32,,36.474069736491884,36.21840699664042,0.016151489835700472,0.0008228195282502515,27454,afternoon
20260623,2026-06-23 13:03:00,600150.SH,中国船舶,36.49,36.5,36.48,36.48,319000.0,11638415.0,tushare,2026-06-23 21:20:32,,36.484059561128525,36.21841478403088,0.015873015873015817,-0.00027404768429717397,27455,afternoon
20260623,2026-06-23 13:04:00,600150.SH,中国船舶,36.48,36.53,36.48,36.53,168616.0,6156578.0,tushare,2026-06-23 21:20:32,,36.51241875029653,36.21841933949361,0.017265385686438428,0.0013706140350877583,27456,afternoon
20260623,2026-06-23 13:05:00,600150.SH,中国船舶,36.54,36.55,36.53,36.54,270000.0,9865456.0,tushare,2026-06-23 21:20:32,,36.538725925925924,36.21842728642355,0.01754385964912286,0.0002737476047083298,27457,afternoon
20260623,2026-06-23 13:06:00,600150.SH,中国船舶,36.55,36.58,36.54,36.56,189200.0,6916013.0,tushare,2026-06-23 21:20:32,,36.5539799154334,36.21843312012202,0.01810080757449195,0.0005473453749316182,27458,afternoon
20260623,2026-06-23 13:07:00,600150.SH,中国船舶,36.56,36.56,36.52,36.53,241700.0,8830301.0,tushare,2026-06-23 21:20:32,,36.534137360364085,36.218440131600744,0.017265385686438428,-0.000820568927789922,27459,afternoon
20260623,2026-06-23 13:08:00,600150.SH,中国船舶,36.52,36.53,36.48,36.48,358700.0,13095167.0,tushare,2026-06-23 21:20:32,,36.50729579035406,36.21844965189776,0.015873015873015817,-0.0013687380235424262,27460,afternoon
20260623,2026-06-23 13:09:00,600150.SH,中国船舶,36.47,36.47,36.42,36.42,333500.0,12153693.0,tushare,2026-06-23 21:20:32,,36.44285757121439,36.21845652826322,0.014202172096908994,-0.0016447368421050879,27461,afternoon
20260623,2026-06-23 13:10:00,600150.SH,中国船舶,36.42,36.42,36.4,36.41,346000.0,12598428.0,tushare,2026-06-23 21:20:32,,36.41164161849711,36.21846266957054,0.01392369813422456,-0.00027457440966516256,27462,afternoon
20260623,2026-06-23 13:11:00,600150.SH,中国船舶,36.42,36.46,36.42,36.43,237700.0,8661005.0,tushare,2026-06-23 21:20:32,,36.436705931846866,36.218467435764026,0.014480646059593427,0.0005492996429552477,27463,afternoon
20260623,2026-06-23 13:12:00,600150.SH,中国船舶,36.43,36.44,36.38,36.44,679400.0,24729782.0,tushare,2026-06-23 21:20:32,,36.399443626729465,36.218478731681735,0.01475912002227786,0.00027449903925336194,27464,afternoon
20260623,2026-06-23 13:13:00,600150.SH,中国船舶,36.44,36.54,36.44,36.5,233021.0,8501147.0,tushare,2026-06-23 21:20:32,,36.48232133584527,36.21848437981875,0.016429963798384906,0.0016465422612514935,27465,afternoon
20260623,2026-06-23 13:14:00,600150.SH,中国船舶,36.49,36.5,36.49,36.49,114200.0,4167344.0,tushare,2026-06-23 21:20:32,,36.491628721541154,36.218487245441345,0.016151489835700472,-0.0002739726027396472,27466,afternoon
20260623,2026-06-23 13:15:00,600150.SH,中国船舶,36.5,36.51,36.48,36.5,159000.0,5803220.0,tushare,2026-06-23 21:20:32,,36.49823899371069,36.21849133168511,0.016429963798384906,0.00027404768429706294,27467,afternoon
20260623,2026-06-23 13:16:00,600150.SH,中国船舶,36.5,36.52,36.46,36.51,363796.0,13274278.0,tushare,2026-06-23 21:20:32,,36.48824615993579,36.218500346710805,0.01670843776106934,0.0002739726027396472,27468,afternoon
20260623,2026-06-23 13:17:00,600150.SH,中国船舶,36.5,36.51,36.49,36.49,96800.0,3532783.0,tushare,2026-06-23 21:20:32,,36.495692148760334,36.218502811567646,0.016151489835700472,-0.0005477951246233292,27469,afternoon
20260623,2026-06-23 13:18:00,600150.SH,中国船舶,36.5,36.52,36.45,36.45,208400.0,7604918.0,tushare,2026-06-23 21:20:32,,36.491928982725526,36.218508045949996,0.015037593984962516,-0.0010961907371882518,27470,afternoon
20260623,2026-06-23 13:19:00,600150.SH,中国船舶,36.46,36.46,36.42,36.43,332600.0,12115003.0,tushare,2026-06-23 21:20:32,,36.4251443174985,36.21851435905743,0.014480646059593427,-0.0005486968449932572,27471,afternoon
20260623,2026-06-23 13:20:00,600150.SH,中国船舶,36.44,36.44,36.33,36.34,859100.0,31252752.0,tushare,2026-06-23 21:20:32,,36.37847980444651,36.2185269816919,0.011974380395433304,-0.0024704913532801465,27472,afternoon
20260623,2026-06-23 13:21:00,600150.SH,中国船舶,36.35,36.38,36.35,36.38,179883.0,6541303.0,tushare,2026-06-23 21:20:32,,36.36420895804495,36.21852938865193,0.01308827624617126,0.0011007154650521933,27473,afternoon
20260623,2026-06-23 13:22:00,600150.SH,中国船舶,36.38,36.39,36.36,36.38,229300.0,8341365.0,tushare,2026-06-23 21:20:32,,36.377518534670735,36.218532737036384,0.01308827624617126,0.0,27474,afternoon
20260623,2026-06-23 13:23:00,600150.SH,中国船舶,36.38,36.39,36.38,36.39,102100.0,3714800.0,tushare,2026-06-23 21:20:32,,36.383937316356516,36.218534288112046,0.013366750208855693,0.00027487630566236376,27475,afternoon
20260623,2026-06-23 13:24:00,600150.SH,中国船舶,36.38,36.43,36.38,36.42,135900.0,4948045.0,tushare,2026-06-23 21:20:32,,36.40945548197204,36.21853667113316,0.014202172096908994,0.0008244023083265883,27476,afternoon
20260623,2026-06-23 13:25:00,600150.SH,中国船舶,36.43,36.43,36.4,36.4,263900.0,9610090.0,tushare,2026-06-23 21:20:32,,36.41564986737401,36.218541448612925,0.013645224171540127,-0.0005491488193301031,27477,afternoon
20260623,2026-06-23 13:26:00,600150.SH,中国船舶,36.38,36.39,36.36,36.37,254500.0,9257419.0,tushare,2026-06-23 21:20:32,,36.37492730844794,36.21854510387806,0.012809802283486604,-0.0008241758241758212,27478,afternoon
20260623,2026-06-23 13:27:00,600150.SH,中国船舶,36.36,36.39,36.36,36.37,89900.0,3270269.0,tushare,2026-06-23 21:20:32,,36.37674082313682,36.218546410002176,0.012809802283486604,0.0,27479,afternoon
20260623,2026-06-23 13:28:00,600150.SH,中国船舶,36.37,36.37,36.31,36.34,481258.0,17489002.0,tushare,2026-06-23 21:20:32,,36.34017928013664,36.21855178576068,0.011974380395433304,-0.0008248556502610249,27480,afternoon
20260623,2026-06-23 13:29:00,600150.SH,中国船舶,36.34,36.35,36.33,36.33,247500.0,8993356.0,tushare,2026-06-23 21:20:32,,36.33679191919192,36.218554473214915,0.011695906432748648,-0.00027517886626315935,27481,afternoon
20260623,2026-06-23 13:30:00,600150.SH,中国船舶,36.32,36.34,36.32,36.34,106321.0,3862816.0,tushare,2026-06-23 21:20:32,,36.33163721183962,36.21855557732428,0.011974380395433304,0.00027525461051491895,27482,afternoon
20260623,2026-06-23 13:31:00,600150.SH,中国船舶,36.34,36.34,36.31,36.31,268879.0,9765414.0,tushare,2026-06-23 21:20:32,,36.31899107033275,36.218558057201044,0.011138958507379781,-0.000825536598789256,27483,afternoon
20260623,2026-06-23 13:32:00,600150.SH,中国船舶,36.32,36.34,36.31,36.33,174000.0,6320213.0,tushare,2026-06-23 21:20:32,,36.32306321839081,36.21855972700716,0.011695906432748648,0.0005508124483613042,27484,afternoon
20260623,2026-06-23 13:33:00,600150.SH,中国船舶,36.33,36.35,36.33,36.34,304640.0,11069401.0,tushare,2026-06-23 21:20:32,,36.33600643382353,36.218563012455796,0.011974380395433304,0.00027525461051491895,27485,afternoon
20260623,2026-06-23 13:34:00,600150.SH,中国船舶,36.34,36.37,36.34,36.36,201800.0,7335812.0,tushare,2026-06-23 21:20:32,,36.35189296333003,36.21856548308599,0.01253132832080217,0.0005503577325260967,27486,afternoon
20260623,2026-06-23 13:35:00,600150.SH,中国船舶,36.36,36.37,36.36,36.36,226213.0,8225258.0,tushare,2026-06-23 21:20:32,,36.36067776829802,36.218568434968205,0.01253132832080217,0.0,27487,afternoon
20260623,2026-06-23 13:36:00,600150.SH,中国船舶,36.36,36.37,36.31,36.33,363501.0,13206904.0,tushare,2026-06-23 21:20:32,,36.33251077713679,36.21857223796623,0.011695906432748648,-0.0008250825082508628,27488,afternoon
20260623,2026-06-23 13:37:00,600150.SH,中国船舶,36.32,36.38,36.28,36.34,1090880.0,39606932.0,tushare,2026-06-23 21:20:32,,36.307322528600764,36.218581126673655,0.011974380395433304,0.00027525461051491895,27489,afternoon
20260623,2026-06-23 13:38:00,600150.SH,中国船舶,36.32,36.33,36.28,36.28,365933.0,13285446.0,tushare,2026-06-23 21:20:32,,36.30567890843406,36.21858405275186,0.010303536619326259,-0.001651073197578512,27490,afternoon
20260623,2026-06-23 13:39:00,600150.SH,中国船舶,36.27,36.27,36.21,36.22,605000.0,21927824.0,tushare,2026-06-23 21:20:32,,36.244337190082646,36.21858548308978,0.008632692843219214,-0.001653803748621896,27491,afternoon
20260623,2026-06-23 13:40:00,600150.SH,中国船舶,36.23,36.25,36.22,36.24,273000.0,9892203.0,tushare,2026-06-23 21:20:32,,36.235175824175826,36.21858589886654,0.009189640768588303,0.000552181115405892,27492,afternoon
20260623,2026-06-23 13:41:00,600150.SH,中国船舶,36.23,36.27,36.23,36.26,186500.0,6760643.0,tushare,2026-06-23 21:20:32,,36.25009651474531,36.21858643834058,0.00974658869395717,0.0005518763796907855,27493,afternoon
20260623,2026-06-23 13:42:00,600150.SH,中国船舶,36.26,36.28,36.26,36.27,156900.0,5690134.0,tushare,2026-06-23 21:20:32,,36.26599107711918,36.218587121107305,0.010025062656641825,0.0002757859900719417,27494,afternoon
20260623,2026-06-23 13:43:00,600150.SH,中国船舶,36.27,36.28,36.24,36.24,470300.0,17047788.0,tushare,2026-06-23 21:20:32,,36.24875186051457,36.218588423327326,0.009189640768588303,-0.0008271298593879317,27495,afternoon
20260623,2026-06-23 13:44:00,600150.SH,中国船舶,36.23,36.27,36.23,36.26,132700.0,4810350.0,tushare,2026-06-23 21:20:32,,36.24981160512434,36.218588803650334,0.00974658869395717,0.0005518763796907855,27496,afternoon
20260623,2026-06-23 13:45:00,600150.SH,中国船舶,36.26,36.28,36.26,36.28,147700.0,5356563.0,tushare,2026-06-23 21:20:32,,36.26650643195667,36.21858945329286,0.010303536619326259,0.0005515719801434393,27497,afternoon
20260623,2026-06-23 13:46:00,600150.SH,中国船舶,36.29,36.29,36.25,36.25,314600.0,11409648.0,tushare,2026-06-23 21:20:32,,36.26715829624921,36.21859085579189,0.009468114731272737,-0.0008269018743108925,27498,afternoon
20260623,2026-06-23 13:47:00,600150.SH,中国船舶,36.25,36.26,36.2,36.21,757500.0,27436764.0,tushare,2026-06-23 21:20:32,,36.2201504950495,36.21859096422519,0.00835421888053478,-0.0011034482758620623,27499,afternoon
20260623,2026-06-23 13:48:00,600150.SH,中国船舶,36.21,36.22,36.11,36.15,789634.0,28550584.0,tushare,2026-06-23 21:20:32,,36.15673083985745,36.21858648130453,0.006683375104427736,-0.00165700082850051,27500,afternoon
20260623,2026-06-23 13:49:00,600150.SH,中国船舶,36.16,36.18,36.15,36.18,328900.0,11896987.0,tushare,2026-06-23 21:20:32,,36.17204925509273,36.21858507663008,0.007518796992481258,0.0008298755186721962,27501,afternoon
20260623,2026-06-23 13:50:00,600150.SH,中国船舶,36.18,36.18,36.15,36.15,385000.0,13923928.0,tushare,2026-06-23 21:20:32,,36.166046753246754,36.21858322039528,0.006683375104427736,-0.0008291873963516272,27502,afternoon
20260623,2026-06-23 13:51:00,600150.SH,中国船舶,36.16,36.16,36.14,36.14,213000.0,7699202.0,tushare,2026-06-23 21:20:32,,36.1464882629108,36.21858181119742,0.006404901141743302,-0.0002766251728907321,27503,afternoon
20260623,2026-06-23 13:52:00,600150.SH,中国船舶,36.13,36.13,36.08,36.09,776000.0,28020280.0,tushare,2026-06-23 21:20:32,,36.10860824742268,36.21857398038941,0.005012531328320913,-0.0013835085777531564,27504,afternoon
20260623,2026-06-23 13:53:00,600150.SH,中国船舶,36.09,36.1,36.07,36.09,329600.0,11894327.0,tushare,2026-06-23 21:20:32,,36.087157160194174,36.21857000589784,0.005012531328320913,0.0,27505,afternoon
20260623,2026-06-23 13:54:00,600150.SH,中国船舶,36.09,36.09,36.05,36.06,389375.0,14043521.0,tushare,2026-06-23 21:20:32,,36.066827608346706,36.21856458460445,0.00417710944026739,-0.0008312551953449931,27506,afternoon
20260623,2026-06-23 13:55:00,600150.SH,中国船舶,36.06,36.07,36.03,36.05,494625.0,17829316.0,tushare,2026-06-23 21:20:32,,36.04612787465251,36.21855675907037,0.003898635477582957,-0.0002773155851359954,27507,afternoon
20260623,2026-06-23 13:56:00,600150.SH,中国船舶,36.03,36.04,36.01,36.04,521400.0,18784798.0,tushare,2026-06-23 21:20:32,,36.02761411584196,36.218547625062584,0.0036201615148985233,-0.0002773925104021524,27508,afternoon
20260623,2026-06-23 13:57:00,600150.SH,中国船舶,36.03,36.04,36.01,36.04,632458.0,22782536.0,tushare,2026-06-23 21:20:32,,36.022211751610385,36.21853623323063,0.0036201615148985233,0.0,27509,afternoon
20260623,2026-06-23 13:58:00,600150.SH,中国船舶,36.02,36.06,36.02,36.05,304300.0,10968984.0,tushare,2026-06-23 21:20:32,,36.04661189615511,36.218531433803435,0.003898635477582957,0.0002774694783573839,27510,afternoon
20260623,2026-06-23 13:59:00,600150.SH,中国船舶,36.06,36.07,36.05,36.07,305170.0,11002863.0,tushare,2026-06-23 21:20:32,,36.05486450175312,36.21852685195501,0.004455583402951824,0.0005547850208045269,27511,afternoon
20260623,2026-06-23 14:00:00,600150.SH,中国船舶,36.04,36.05,35.98,36.0,1904872.0,68588520.0,tushare,2026-06-23 21:20:32,,36.006891801653865,36.2184898763364,0.0025062656641605674,-0.0019406709176601478,27512,afternoon
