ts_code,trade_time,trade_date,time,open,high,low,close,vol,amount,source,fetched_at
600150.SH,2026-06-16 14:43:00,2026-06-16,14:43:00,35.93,35.94,35.92,35.92,369500.0,13272377.0,tushare,2026-06-19 17:32:17
600150.SH,2026-06-16 14:44:00,2026-06-16,14:44:00,35.92,35.93,35.91,35.92,234236.0,8413255.0,tushare,2026-06-19 17:32:17
600150.SH,2026-06-16 14:45:00,2026-06-16,14:45:00,35.92,35.93,35.91,35.92,281969.0,10128879.0,tushare,2026-06-19 17:32:17
600150.SH,2026-06-16 14:46:00,2026-06-16,14:46:00,35.92,35.92,35.91,35.92,367100.0,13182523.0,tushare,2026-06-19 17:32:17
600150.SH,2026-06-16 14:47:00,2026-06-16,14:47:00,35.92,35.94,35.92,35.93,256500.0,9215687.0,tushare,2026-06-19 17:32:17
600150.SH,2026-06-16 14:48:00,2026-06-16,14:48:00,35.93,35.97,35.93,35.96,446600.0,16054621.0,tushare,2026-06-19 17:32:17
600150.SH,2026-06-16 14:49:00,2026-06-16,14:49:00,35.96,35.96,35.94,35.96,326800.0,11749884.0,tushare,2026-06-19 17:32:17
600150.SH,2026-06-16 14:50:00,2026-06-16,14:50:00,35.95,35.97,35.93,35.94,278600.0,10014901.0,tushare,2026-06-19 17:32:17
600150.SH,2026-06-16 14:51:00,2026-06-16,14:51:00,35.94,35.96,35.94,35.95,273200.0,9821121.0,tushare,2026-06-19 17:32:17
600150.SH,2026-06-16 14:52:00,2026-06-16,14:52:00,35.94,35.97,35.94,35.97,281923.0,10139504.0,tushare,2026-06-19 17:32:17
600150.SH,2026-06-16 14:53:00,2026-06-16,14:53:00,35.95,35.97,35.95,35.96,339877.0,12222965.0,tushare,2026-06-19 17:32:17
600150.SH,2026-06-16 14:54:00,2026-06-16,14:54:00,35.96,35.97,35.94,35.95,463600.0,16668191.0,tushare,2026-06-19 17:32:17
600150.SH,2026-06-16 14:55:00,2026-06-16,14:55:00,35.94,35.96,35.94,35.96,423280.0,15214735.0,tushare,2026-06-19 17:32:17
600150.SH,2026-06-16 14:56:00,2026-06-16,14:56:00,35.95,35.96,35.94,35.95,291500.0,10479662.0,tushare,2026-06-19 17:32:17
600150.SH,2026-06-16 14:57:00,2026-06-16,14:57:00,35.96,35.99,35.96,35.99,344947.0,12406200.0,tushare,2026-06-19 17:32:17
600150.SH,2026-06-16 14:58:00,2026-06-16,14:58:00,35.99,35.99,35.99,35.99,1400.0,50386.0,tushare,2026-06-19 17:32:17
600150.SH,2026-06-16 14:59:00,2026-06-16,14:59:00,35.99,35.99,35.99,35.99,0.0,0.0,tushare,2026-06-19 17:32:17
600150.SH,2026-06-16 15:00:00,2026-06-16,15:00:00,35.99,35.99,35.99,35.99,787300.0,28334928.0,tushare,2026-06-19 17:32:17
600150.SH,2026-06-17 09:30:00,2026-06-17,09:30:00,35.98,35.99,35.98,35.98,202082.0,7270919.0,tushare,2026-06-19 17:32:17
600150.SH,2026-06-17 09:31:00,2026-06-17,09:31:00,36.0,36.09,35.96,35.99,1208918.0,43532020.0,tushare,2026-06-19 17:32:17
600150.SH,2026-06-17 09:32:00,2026-06-17,09:32:00,35.98,36.4,35.98,36.3,2672796.0,96933944.0,tushare,2026-06-19 17:32:17
600150.SH,2026-06-17 09:33:00,2026-06-17,09:33:00,36.25,36.35,36.2,36.33,1282100.0,46535136.0,tushare,2026-06-19 17:32:17
600150.SH,2026-06-17 09:34:00,2026-06-17,09:34:00,36.34,36.34,36.18,36.18,916400.0,33255160.0,tushare,2026-06-19 17:32:17
600150.SH,2026-06-17 09:35:00,2026-06-17,09:35:00,36.17,36.33,36.17,36.27,897949.0,32574750.0,tushare,2026-06-19 17:32:17
600150.SH,2026-06-17 09:36:00,2026-06-17,09:36:00,36.25,36.29,36.23,36.27,804453.0,29166344.0,tushare,2026-06-19 17:32:17
600150.SH,2026-06-17 09:37:00,2026-06-17,09:37:00,36.28,36.38,36.27,36.27,1206988.0,43860356.0,tushare,2026-06-19 17:32:17
600150.SH,2026-06-17 09:38:00,2026-06-17,09:38:00,36.28,36.37,36.28,36.3,551800.0,20047316.0,tushare,2026-06-19 17:32:17
600150.SH,2026-06-17 09:39:00,2026-06-17,09:39:00,36.3,36.3,36.25,36.29,453300.0,16441321.0,tushare,2026-06-19 17:32:17
600150.SH,2026-06-17 09:40:00,2026-06-17,09:40:00,36.26,36.27,36.07,36.07,585800.0,21204796.0,tushare,2026-06-19 17:32:17
600150.SH,2026-06-17 09:41:00,2026-06-17,09:41:00,36.08,36.09,36.01,36.01,557000.0,20080756.0,tushare,2026-06-19 17:32:17
600150.SH,2026-06-17 09:42:00,2026-06-17,09:42:00,36.01,36.01,35.94,35.95,916300.0,32975300.0,tushare,2026-06-19 17:32:17
600150.SH,2026-06-17 09:43:00,2026-06-17,09:43:00,35.92,36.01,35.88,36.01,642463.0,23100816.0,tushare,2026-06-19 17:32:17
600150.SH,2026-06-17 09:44:00,2026-06-17,09:44:00,36.01,36.02,35.95,35.95,519361.0,18692860.0,tushare,2026-06-19 17:32:17
600150.SH,2026-06-17 09:45:00,2026-06-17,09:45:00,35.95,36.11,35.91,36.11,604354.0,21741160.0,tushare,2026-06-19 17:32:17
600150.SH,2026-06-17 09:46:00,2026-06-17,09:46:00,36.1,36.32,36.1,36.29,554000.0,20077728.0,tushare,2026-06-19 17:32:17
600150.SH,2026-06-17 09:47:00,2026-06-17,09:47:00,36.28,36.45,36.26,36.3,1378035.0,50125040.0,tushare,2026-06-19 17:32:17
600150.SH,2026-06-17 09:48:00,2026-06-17,09:48:00,36.33,36.42,36.28,36.37,1121504.0,40801360.0,tushare,2026-06-19 17:32:17
600150.SH,2026-06-17 09:49:00,2026-06-17,09:49:00,36.4,36.49,36.35,36.49,1554748.0,56635516.0,tushare,2026-06-19 17:32:17
600150.SH,2026-06-17 09:50:00,2026-06-17,09:50:00,36.5,36.72,36.5,36.71,4018543.0,147130610.0,tushare,2026-06-19 17:32:17
600150.SH,2026-06-17 09:51:00,2026-06-17,09:51:00,36.72,36.74,36.65,36.7,2148739.0,78847440.0,tushare,2026-06-19 17:32:17
600150.SH,2026-06-17 09:52:00,2026-06-17,09:52:00,36.75,36.93,36.75,36.93,2584488.0,95133600.0,tushare,2026-06-19 17:32:17
600150.SH,2026-06-17 09:53:00,2026-06-17,09:53:00,36.98,37.11,36.9,36.9,3807801.0,140894460.0,tushare,2026-06-19 17:32:17
600150.SH,2026-06-17 09:54:00,2026-06-17,09:54:00,36.9,36.93,36.86,36.86,1372827.0,50668064.0,tushare,2026-06-19 17:32:17
600150.SH,2026-06-17 09:55:00,2026-06-17,09:55:00,36.86,36.99,36.84,36.91,1212119.0,44754856.0,tushare,2026-06-19 17:32:17
600150.SH,2026-06-17 09:56:00,2026-06-17,09:56:00,36.91,37.07,36.89,37.07,1827578.0,67648340.0,tushare,2026-06-19 17:32:17
600150.SH,2026-06-17 09:57:00,2026-06-17,09:57:00,37.06,37.06,36.95,37.0,1147551.0,42454628.0,tushare,2026-06-19 17:32:17
600150.SH,2026-06-17 09:58:00,2026-06-17,09:58:00,36.99,37.12,36.99,37.04,1339980.0,49653750.0,tushare,2026-06-19 17:32:17
600150.SH,2026-06-17 09:59:00,2026-06-17,09:59:00,37.05,37.05,36.98,36.98,724200.0,26797828.0,tushare,2026-06-19 17:32:17
600150.SH,2026-06-17 10:00:00,2026-06-17,10:00:00,36.97,37.03,36.94,36.98,726427.0,26871698.0,tushare,2026-06-19 17:32:17
600150.SH,2026-06-17 10:01:00,2026-06-17,10:01:00,37.0,37.0,36.88,36.88,628100.0,23215048.0,tushare,2026-06-19 17:32:17
600150.SH,2026-06-17 10:02:00,2026-06-17,10:02:00,36.87,36.87,36.77,36.82,790381.0,29101756.0,tushare,2026-06-19 17:32:17
600150.SH,2026-06-17 10:03:00,2026-06-17,10:03:00,36.82,36.95,36.8,36.92,1396708.0,51551076.0,tushare,2026-06-19 17:32:17
600150.SH,2026-06-17 10:04:00,2026-06-17,10:04:00,36.92,36.93,36.82,36.9,723173.0,26681392.0,tushare,2026-06-19 17:32:17
600150.SH,2026-06-17 10:05:00,2026-06-17,10:05:00,36.92,36.96,36.91,36.96,401500.0,14832351.0,tushare,2026-06-19 17:32:17
600150.SH,2026-06-17 10:06:00,2026-06-17,10:06:00,36.96,36.96,36.91,36.91,496600.0,18336936.0,tushare,2026-06-19 17:32:17
600150.SH,2026-06-17 10:07:00,2026-06-17,10:07:00,36.91,36.91,36.86,36.89,337100.0,12436516.0,tushare,2026-06-19 17:32:17
600150.SH,2026-06-17 10:08:00,2026-06-17,10:08:00,36.89,36.89,36.75,36.77,858900.0,31618190.0,tushare,2026-06-19 17:32:17
600150.SH,2026-06-17 10:09:00,2026-06-17,10:09:00,36.77,36.8,36.76,36.8,409900.0,15077914.0,tushare,2026-06-19 17:32:17
600150.SH,2026-06-17 10:10:00,2026-06-17,10:10:00,36.79,36.8,36.78,36.78,445100.0,16375992.0,tushare,2026-06-19 17:32:17
600150.SH,2026-06-17 10:11:00,2026-06-17,10:11:00,36.77,36.85,36.77,36.85,395400.0,14551071.0,tushare,2026-06-19 17:32:17
600150.SH,2026-06-17 10:12:00,2026-06-17,10:12:00,36.86,36.87,36.78,36.8,428100.0,15769562.0,tushare,2026-06-19 17:32:17
600150.SH,2026-06-17 10:13:00,2026-06-17,10:13:00,36.79,36.91,36.79,36.91,348289.0,12838151.0,tushare,2026-06-19 17:32:17
600150.SH,2026-06-17 10:14:00,2026-06-17,10:14:00,36.93,36.97,36.92,36.93,451900.0,16695566.0,tushare,2026-06-19 17:32:17
600150.SH,2026-06-17 10:15:00,2026-06-17,10:15:00,36.93,36.95,36.92,36.92,303950.0,11226490.0,tushare,2026-06-19 17:32:17
600150.SH,2026-06-17 10:16:00,2026-06-17,10:16:00,36.92,36.92,36.85,36.85,292350.0,10785101.0,tushare,2026-06-19 17:32:17
600150.SH,2026-06-17 10:17:00,2026-06-17,10:17:00,36.87,36.88,36.83,36.84,330700.0,12188927.0,tushare,2026-06-19 17:32:17
600150.SH,2026-06-17 10:18:00,2026-06-17,10:18:00,36.85,36.85,36.81,36.82,165000.0,6076466.0,tushare,2026-06-19 17:32:17
600150.SH,2026-06-17 10:19:00,2026-06-17,10:19:00,36.82,36.86,36.77,36.86,362806.0,13351359.0,tushare,2026-06-19 17:32:17
600150.SH,2026-06-17 10:20:00,2026-06-17,10:20:00,36.86,36.89,36.85,36.88,162221.0,5981218.0,tushare,2026-06-19 17:32:17
600150.SH,2026-06-17 10:21:00,2026-06-17,10:21:00,36.88,36.88,36.82,36.82,251900.0,9284708.0,tushare,2026-06-19 17:32:17
600150.SH,2026-06-17 10:22:00,2026-06-17,10:22:00,36.8,36.82,36.78,36.81,367700.0,13532598.0,tushare,2026-06-19 17:32:17
600150.SH,2026-06-17 10:23:00,2026-06-17,10:23:00,36.8,36.82,36.79,36.82,258300.0,9506579.0,tushare,2026-06-19 17:32:17
600150.SH,2026-06-17 10:24:00,2026-06-17,10:24:00,36.81,36.83,36.81,36.82,180100.0,6631687.0,tushare,2026-06-19 17:32:17
600150.SH,2026-06-17 10:25:00,2026-06-17,10:25:00,36.82,36.88,36.81,36.88,255900.0,9432788.0,tushare,2026-06-19 17:32:17
600150.SH,2026-06-17 10:26:00,2026-06-17,10:26:00,36.87,36.88,36.86,36.88,176489.0,6507235.0,tushare,2026-06-19 17:32:17
600150.SH,2026-06-17 10:27:00,2026-06-17,10:27:00,36.88,36.88,36.78,36.79,334411.0,12314807.0,tushare,2026-06-19 17:32:17
600150.SH,2026-06-17 10:28:00,2026-06-17,10:28:00,36.78,36.79,36.74,36.75,394700.0,14507545.0,tushare,2026-06-19 17:32:17
600150.SH,2026-06-17 10:29:00,2026-06-17,10:29:00,36.74,36.75,36.71,36.73,539615.0,19821196.0,tushare,2026-06-19 17:32:17
600150.SH,2026-06-17 10:30:00,2026-06-17,10:30:00,36.73,36.75,36.68,36.68,480900.0,17657128.0,tushare,2026-06-19 17:32:17
600150.SH,2026-06-17 10:31:00,2026-06-17,10:31:00,36.7,36.71,36.69,36.7,384842.0,14121324.0,tushare,2026-06-19 17:32:17
600150.SH,2026-06-17 10:32:00,2026-06-17,10:32:00,36.71,36.72,36.67,36.67,283858.0,10417699.0,tushare,2026-06-19 17:32:17
600150.SH,2026-06-17 10:33:00,2026-06-17,10:33:00,36.67,36.69,36.67,36.69,265842.0,9751856.0,tushare,2026-06-19 17:32:17
600150.SH,2026-06-17 10:34:00,2026-06-17,10:34:00,36.69,36.69,36.64,36.65,449958.0,16496988.0,tushare,2026-06-19 17:32:17
600150.SH,2026-06-17 10:35:00,2026-06-17,10:35:00,36.63,36.66,36.61,36.66,389162.0,14252580.0,tushare,2026-06-19 17:32:17
600150.SH,2026-06-17 10:36:00,2026-06-17,10:36:00,36.66,36.71,36.66,36.69,271400.0,9956528.0,tushare,2026-06-19 17:32:17
600150.SH,2026-06-17 10:37:00,2026-06-17,10:37:00,36.67,36.69,36.66,36.66,221913.0,8139226.0,tushare,2026-06-19 17:32:17
600150.SH,2026-06-17 10:38:00,2026-06-17,10:38:00,36.65,36.66,36.63,36.65,225794.0,8275063.0,tushare,2026-06-19 17:32:17
600150.SH,2026-06-17 10:39:00,2026-06-17,10:39:00,36.66,36.66,36.61,36.61,509931.0,18680220.0,tushare,2026-06-19 17:32:17
600150.SH,2026-06-17 10:40:00,2026-06-17,10:40:00,36.6,36.61,36.58,36.61,535247.0,19585846.0,tushare,2026-06-19 17:32:17
600150.SH,2026-06-17 10:41:00,2026-06-17,10:41:00,36.61,36.61,36.59,36.59,293967.0,10757798.0,tushare,2026-06-19 17:32:17
600150.SH,2026-06-17 10:42:00,2026-06-17,10:42:00,36.59,36.6,36.57,36.6,221107.0,8089591.0,tushare,2026-06-19 17:32:17
600150.SH,2026-06-17 10:43:00,2026-06-17,10:43:00,36.58,36.6,36.57,36.59,165793.0,6065738.0,tushare,2026-06-19 17:32:17
600150.SH,2026-06-17 10:44:00,2026-06-17,10:44:00,36.58,36.6,36.57,36.59,198700.0,7268970.0,tushare,2026-06-19 17:32:17
600150.SH,2026-06-17 10:45:00,2026-06-17,10:45:00,36.59,36.6,36.58,36.6,189554.0,6936539.0,tushare,2026-06-19 17:32:17
600150.SH,2026-06-17 10:46:00,2026-06-17,10:46:00,36.6,36.65,36.6,36.62,214734.0,7863601.0,tushare,2026-06-19 17:32:17
600150.SH,2026-06-17 10:47:00,2026-06-17,10:47:00,36.61,36.64,36.61,36.62,159400.0,5838124.0,tushare,2026-06-19 17:32:17
600150.SH,2026-06-17 10:48:00,2026-06-17,10:48:00,36.62,36.62,36.58,36.58,225100.0,8239421.0,tushare,2026-06-19 17:32:17
600150.SH,2026-06-17 10:49:00,2026-06-17,10:49:00,36.59,36.62,36.58,36.61,109500.0,4007500.0,tushare,2026-06-19 17:32:17
600150.SH,2026-06-17 10:50:00,2026-06-17,10:50:00,36.61,36.68,36.59,36.65,206400.0,7560184.0,tushare,2026-06-19 17:32:17
600150.SH,2026-06-17 10:51:00,2026-06-17,10:51:00,36.65,36.65,36.62,36.64,190200.0,6969966.0,tushare,2026-06-19 17:32:17
600150.SH,2026-06-17 10:52:00,2026-06-17,10:52:00,36.64,36.65,36.62,36.62,160500.0,5879697.0,tushare,2026-06-19 17:32:17
600150.SH,2026-06-17 10:53:00,2026-06-17,10:53:00,36.61,36.61,36.56,36.56,410733.0,15028323.0,tushare,2026-06-19 17:32:17
600150.SH,2026-06-17 10:54:00,2026-06-17,10:54:00,36.57,36.57,36.54,36.56,306115.0,11190532.0,tushare,2026-06-19 17:32:17
600150.SH,2026-06-17 10:55:00,2026-06-17,10:55:00,36.56,36.58,36.56,36.58,88608.0,3240558.0,tushare,2026-06-19 17:32:17
600150.SH,2026-06-17 10:56:00,2026-06-17,10:56:00,36.58,36.59,36.54,36.55,270385.0,9886733.0,tushare,2026-06-19 17:32:17
600150.SH,2026-06-17 10:57:00,2026-06-17,10:57:00,36.55,36.56,36.54,36.55,117700.0,4301717.0,tushare,2026-06-19 17:32:17
600150.SH,2026-06-17 10:58:00,2026-06-17,10:58:00,36.54,36.6,36.54,36.58,124800.0,4564255.0,tushare,2026-06-19 17:32:17
600150.SH,2026-06-17 10:59:00,2026-06-17,10:59:00,36.58,36.58,36.53,36.54,119300.0,4360174.0,tushare,2026-06-19 17:32:17
600150.SH,2026-06-17 11:00:00,2026-06-17,11:00:00,36.54,36.55,36.53,36.54,148100.0,5411226.0,tushare,2026-06-19 17:32:17
600150.SH,2026-06-17 11:01:00,2026-06-17,11:01:00,36.54,36.54,36.51,36.54,188100.0,6869890.0,tushare,2026-06-19 17:32:17
600150.SH,2026-06-17 11:02:00,2026-06-17,11:02:00,36.54,36.55,36.52,36.52,141400.0,5166242.0,tushare,2026-06-19 17:32:17
600150.SH,2026-06-17 11:03:00,2026-06-17,11:03:00,36.53,36.54,36.51,36.52,218500.0,7980865.0,tushare,2026-06-19 17:32:17
600150.SH,2026-06-17 11:04:00,2026-06-17,11:04:00,36.52,36.55,36.52,36.54,90500.0,3306428.0,tushare,2026-06-19 17:32:17
600150.SH,2026-06-17 11:05:00,2026-06-17,11:05:00,36.55,36.57,36.54,36.55,190700.0,6970094.0,tushare,2026-06-19 17:32:17
600150.SH,2026-06-17 11:06:00,2026-06-17,11:06:00,36.54,36.54,36.51,36.52,189600.0,6924959.0,tushare,2026-06-19 17:32:17
600150.SH,2026-06-17 11:07:00,2026-06-17,11:07:00,36.53,36.54,36.52,36.54,79700.0,2911624.0,tushare,2026-06-19 17:32:17
600150.SH,2026-06-17 11:08:00,2026-06-17,11:08:00,36.54,36.54,36.52,36.52,175713.0,6417552.0,tushare,2026-06-19 17:32:17
600150.SH,2026-06-17 11:09:00,2026-06-17,11:09:00,36.52,36.54,36.52,36.54,106100.0,3875615.0,tushare,2026-06-19 17:32:17
600150.SH,2026-06-17 11:10:00,2026-06-17,11:10:00,36.53,36.55,36.51,36.53,336000.0,12274034.0,tushare,2026-06-19 17:32:17
600150.SH,2026-06-17 11:11:00,2026-06-17,11:11:00,36.54,36.59,36.54,36.57,120213.0,4396014.0,tushare,2026-06-19 17:32:17
600150.SH,2026-06-17 11:12:00,2026-06-17,11:12:00,36.57,36.59,36.57,36.57,124300.0,4546002.0,tushare,2026-06-19 17:32:17
600150.SH,2026-06-17 11:13:00,2026-06-17,11:13:00,36.57,36.58,36.54,36.56,124400.0,4547413.0,tushare,2026-06-19 17:32:17
600150.SH,2026-06-17 11:14:00,2026-06-17,11:14:00,36.57,36.57,36.51,36.51,176787.0,6457562.0,tushare,2026-06-19 17:32:17
600150.SH,2026-06-17 11:15:00,2026-06-17,11:15:00,36.5,36.5,36.47,36.47,724800.0,26451752.0,tushare,2026-06-19 17:32:17
600150.SH,2026-06-17 11:16:00,2026-06-17,11:16:00,36.46,36.49,36.43,36.43,238600.0,8699933.0,tushare,2026-06-19 17:32:17
600150.SH,2026-06-17 11:17:00,2026-06-17,11:17:00,36.43,36.45,36.42,36.42,253200.0,9224835.0,tushare,2026-06-19 17:32:17
600150.SH,2026-06-17 11:18:00,2026-06-17,11:18:00,36.43,36.43,36.4,36.4,389200.0,14169569.0,tushare,2026-06-19 17:32:17
600150.SH,2026-06-17 11:19:00,2026-06-17,11:19:00,36.39,36.39,36.36,36.37,292200.0,10628811.0,tushare,2026-06-19 17:32:17
600150.SH,2026-06-17 11:20:00,2026-06-17,11:20:00,36.36,36.44,36.36,36.42,182200.0,6632468.0,tushare,2026-06-19 17:32:17
600150.SH,2026-06-17 11:21:00,2026-06-17,11:21:00,36.42,36.42,36.39,36.39,190999.0,6952770.0,tushare,2026-06-19 17:32:17
600150.SH,2026-06-17 11:22:00,2026-06-17,11:22:00,36.39,36.42,36.39,36.4,163700.0,5960131.0,tushare,2026-06-19 17:32:17
600150.SH,2026-06-17 11:23:00,2026-06-17,11:23:00,36.41,36.42,36.4,36.42,120100.0,4372470.0,tushare,2026-06-19 17:32:17
600150.SH,2026-06-17 11:24:00,2026-06-17,11:24:00,36.41,36.44,36.41,36.42,150500.0,5481137.0,tushare,2026-06-19 17:32:17
600150.SH,2026-06-17 11:25:00,2026-06-17,11:25:00,36.41,36.44,36.41,36.42,158700.0,5780282.0,tushare,2026-06-19 17:32:17
600150.SH,2026-06-17 11:26:00,2026-06-17,11:26:00,36.42,36.44,36.41,36.43,78346.0,2853382.0,tushare,2026-06-19 17:32:17
600150.SH,2026-06-17 11:27:00,2026-06-17,11:27:00,36.46,36.53,36.46,36.53,177100.0,6462805.0,tushare,2026-06-19 17:32:17
600150.SH,2026-06-17 11:28:00,2026-06-17,11:28:00,36.51,36.63,36.5,36.61,698300.0,25503650.0,tushare,2026-06-19 17:32:17
600150.SH,2026-06-17 11:29:00,2026-06-17,11:29:00,36.6,36.61,36.52,36.52,191600.0,7006981.0,tushare,2026-06-19 17:32:17
600150.SH,2026-06-17 11:30:00,2026-06-17,11:30:00,36.54,36.54,36.48,36.5,166700.0,6084581.0,tushare,2026-06-19 17:32:17
600150.SH,2026-06-17 13:01:00,2026-06-17,13:01:00,36.5,36.69,36.47,36.69,465500.0,17007716.0,tushare,2026-06-19 17:32:17
600150.SH,2026-06-17 13:02:00,2026-06-17,13:02:00,36.73,36.88,36.65,36.65,815289.0,30009098.0,tushare,2026-06-19 17:32:17
600150.SH,2026-06-17 13:03:00,2026-06-17,13:03:00,36.69,36.7,36.57,36.58,198400.0,7271486.0,tushare,2026-06-19 17:32:17
600150.SH,2026-06-17 13:04:00,2026-06-17,13:04:00,36.58,36.6,36.51,36.55,130100.0,4755537.0,tushare,2026-06-19 17:32:17
600150.SH,2026-06-17 13:05:00,2026-06-17,13:05:00,36.54,36.54,36.44,36.44,242300.0,8839459.0,tushare,2026-06-19 17:32:17
600150.SH,2026-06-17 13:06:00,2026-06-17,13:06:00,36.44,36.45,36.42,36.42,210600.0,7672837.0,tushare,2026-06-19 17:32:17
600150.SH,2026-06-17 13:07:00,2026-06-17,13:07:00,36.41,36.41,36.38,36.38,331000.0,12047465.0,tushare,2026-06-19 17:32:17
600150.SH,2026-06-17 13:08:00,2026-06-17,13:08:00,36.37,36.41,36.36,36.36,291400.0,10602322.0,tushare,2026-06-19 17:32:17
600150.SH,2026-06-17 13:09:00,2026-06-17,13:09:00,36.37,36.39,36.36,36.38,168770.0,6138275.0,tushare,2026-06-19 17:32:17
600150.SH,2026-06-17 13:10:00,2026-06-17,13:10:00,36.37,36.4,36.37,36.39,173254.0,6303804.0,tushare,2026-06-19 17:32:17
600150.SH,2026-06-17 13:11:00,2026-06-17,13:11:00,36.4,36.4,36.35,36.37,491634.0,17877376.0,tushare,2026-06-19 17:32:17
600150.SH,2026-06-17 13:12:00,2026-06-17,13:12:00,36.37,36.39,36.35,36.35,245900.0,8944512.0,tushare,2026-06-19 17:32:17
600150.SH,2026-06-17 13:13:00,2026-06-17,13:13:00,36.35,36.37,36.35,36.37,233494.0,8487027.0,tushare,2026-06-19 17:32:17
600150.SH,2026-06-17 13:14:00,2026-06-17,13:14:00,36.36,36.38,36.34,36.35,243906.0,8867972.0,tushare,2026-06-19 17:32:17
600150.SH,2026-06-17 13:15:00,2026-06-17,13:15:00,36.35,36.37,36.35,36.37,102981.0,3744270.0,tushare,2026-06-19 17:32:17
600150.SH,2026-06-17 13:16:00,2026-06-17,13:16:00,36.37,36.38,36.35,36.35,175578.0,6383417.0,tushare,2026-06-19 17:32:17
600150.SH,2026-06-17 13:17:00,2026-06-17,13:17:00,36.34,36.34,36.32,36.32,391070.0,14208713.0,tushare,2026-06-19 17:32:17
600150.SH,2026-06-17 13:18:00,2026-06-17,13:18:00,36.33,36.36,36.32,36.36,149800.0,5442745.0,tushare,2026-06-19 17:32:17
600150.SH,2026-06-17 13:19:00,2026-06-17,13:19:00,36.36,36.38,36.36,36.38,120428.0,4379974.0,tushare,2026-06-19 17:32:17
600150.SH,2026-06-17 13:20:00,2026-06-17,13:20:00,36.37,36.38,36.32,36.35,321772.0,11698301.0,tushare,2026-06-19 17:32:17
600150.SH,2026-06-17 13:21:00,2026-06-17,13:21:00,36.34,36.36,36.34,36.36,90448.0,3288052.0,tushare,2026-06-19 17:32:17
600150.SH,2026-06-17 13:22:00,2026-06-17,13:22:00,36.35,36.38,36.35,36.37,68700.0,2498567.0,tushare,2026-06-19 17:32:17
600150.SH,2026-06-17 13:23:00,2026-06-17,13:23:00,36.35,36.38,36.35,36.36,217400.0,7904132.0,tushare,2026-06-19 17:32:17
600150.SH,2026-06-17 13:24:00,2026-06-17,13:24:00,36.36,36.37,36.33,36.34,178300.0,6481223.0,tushare,2026-06-19 17:32:17
600150.SH,2026-06-17 13:25:00,2026-06-17,13:25:00,36.34,36.34,36.28,36.3,833966.0,30275116.0,tushare,2026-06-19 17:32:17
600150.SH,2026-06-17 13:26:00,2026-06-17,13:26:00,36.29,36.3,36.28,36.29,285669.0,10365231.0,tushare,2026-06-19 17:32:17
600150.SH,2026-06-17 13:27:00,2026-06-17,13:27:00,36.28,36.3,36.26,36.28,391600.0,14202861.0,tushare,2026-06-19 17:32:17
600150.SH,2026-06-17 13:28:00,2026-06-17,13:28:00,36.28,36.33,36.28,36.31,128658.0,4670162.0,tushare,2026-06-19 17:32:17
600150.SH,2026-06-17 13:29:00,2026-06-17,13:29:00,36.32,36.32,36.29,36.32,172876.0,6275393.0,tushare,2026-06-19 17:32:17
600150.SH,2026-06-17 13:30:00,2026-06-17,13:30:00,36.32,36.32,36.29,36.3,117403.0,4262316.0,tushare,2026-06-19 17:32:17
600150.SH,2026-06-17 13:31:00,2026-06-17,13:31:00,36.3,36.31,36.29,36.3,267537.0,9710071.0,tushare,2026-06-19 17:32:17
600150.SH,2026-06-17 13:32:00,2026-06-17,13:32:00,36.3,36.33,36.3,36.31,224302.0,8145500.0,tushare,2026-06-19 17:32:17
600150.SH,2026-06-17 13:33:00,2026-06-17,13:33:00,36.31,36.33,36.3,36.32,260265.0,9449618.0,tushare,2026-06-19 17:32:17
600150.SH,2026-06-17 13:34:00,2026-06-17,13:34:00,36.33,36.33,36.29,36.32,238814.0,8669566.0,tushare,2026-06-19 17:32:17
600150.SH,2026-06-17 13:35:00,2026-06-17,13:35:00,36.3,36.33,36.3,36.31,116767.0,4240806.0,tushare,2026-06-19 17:32:17
600150.SH,2026-06-17 13:36:00,2026-06-17,13:36:00,36.32,36.34,36.3,36.33,208800.0,7583629.0,tushare,2026-06-19 17:32:17
600150.SH,2026-06-17 13:37:00,2026-06-17,13:37:00,36.33,36.34,36.32,36.32,268100.0,9740147.0,tushare,2026-06-19 17:32:17
600150.SH,2026-06-17 13:38:00,2026-06-17,13:38:00,36.33,36.38,36.3,36.38,258500.0,9392721.0,tushare,2026-06-19 17:32:17
600150.SH,2026-06-17 13:39:00,2026-06-17,13:39:00,36.38,36.38,36.35,36.37,175300.0,6374726.0,tushare,2026-06-19 17:32:17
600150.SH,2026-06-17 13:40:00,2026-06-17,13:40:00,36.37,36.41,36.37,36.41,187400.0,6819932.0,tushare,2026-06-19 17:32:17
600150.SH,2026-06-17 13:41:00,2026-06-17,13:41:00,36.39,36.47,36.39,36.47,208464.0,7593881.0,tushare,2026-06-19 17:32:17
600150.SH,2026-06-17 13:42:00,2026-06-17,13:42:00,36.46,36.46,36.41,36.43,265313.0,9667878.0,tushare,2026-06-19 17:32:17
600150.SH,2026-06-17 13:43:00,2026-06-17,13:43:00,36.42,36.43,36.4,36.41,295223.0,10751040.0,tushare,2026-06-19 17:32:17
600150.SH,2026-06-17 13:44:00,2026-06-17,13:44:00,36.4,36.47,36.4,36.47,181781.0,6624482.0,tushare,2026-06-19 17:32:17
600150.SH,2026-06-17 13:45:00,2026-06-17,13:45:00,36.46,36.49,36.46,36.47,176554.0,6440522.0,tushare,2026-06-19 17:32:17
600150.SH,2026-06-17 13:46:00,2026-06-17,13:46:00,36.46,36.46,36.41,36.44,281219.0,10247013.0,tushare,2026-06-19 17:32:17
600150.SH,2026-06-17 13:47:00,2026-06-17,13:47:00,36.44,36.48,36.41,36.42,247169.0,9009943.0,tushare,2026-06-19 17:32:17
600150.SH,2026-06-17 13:48:00,2026-06-17,13:48:00,36.42,36.44,36.41,36.42,161000.0,5864443.0,tushare,2026-06-19 17:32:17
600150.SH,2026-06-17 13:49:00,2026-06-17,13:49:00,36.41,36.49,36.41,36.49,194847.0,7104353.0,tushare,2026-06-19 17:32:17
600150.SH,2026-06-17 13:50:00,2026-06-17,13:50:00,36.49,36.55,36.47,36.48,288209.0,10523375.0,tushare,2026-06-19 17:32:17
600150.SH,2026-06-17 13:51:00,2026-06-17,13:51:00,36.48,36.49,36.45,36.45,160100.0,5839265.0,tushare,2026-06-19 17:32:17
600150.SH,2026-06-17 13:52:00,2026-06-17,13:52:00,36.45,36.45,36.41,36.41,125360.0,4566280.0,tushare,2026-06-19 17:32:17
600150.SH,2026-06-17 13:53:00,2026-06-17,13:53:00,36.4,36.4,36.36,36.37,191140.0,6952860.0,tushare,2026-06-19 17:32:17
600150.SH,2026-06-17 13:54:00,2026-06-17,13:54:00,36.36,36.43,36.36,36.43,358027.0,13025827.0,tushare,2026-06-19 17:32:17
600150.SH,2026-06-17 13:55:00,2026-06-17,13:55:00,36.42,36.43,36.39,36.41,103800.0,3779613.0,tushare,2026-06-19 17:32:17
600150.SH,2026-06-17 13:56:00,2026-06-17,13:56:00,36.42,36.53,36.42,36.51,444797.0,16220037.0,tushare,2026-06-19 17:32:17
600150.SH,2026-06-17 13:57:00,2026-06-17,13:57:00,36.52,36.52,36.47,36.5,251534.0,9177912.0,tushare,2026-06-19 17:32:17
600150.SH,2026-06-17 13:58:00,2026-06-17,13:58:00,36.51,36.58,36.51,36.57,231113.0,8447267.0,tushare,2026-06-19 17:32:17
600150.SH,2026-06-17 13:59:00,2026-06-17,13:59:00,36.57,36.59,36.53,36.55,300817.0,10999803.0,tushare,2026-06-19 17:32:17
600150.SH,2026-06-17 14:00:00,2026-06-17,14:00:00,36.55,36.58,36.55,36.56,255947.0,9358454.0,tushare,2026-06-19 17:32:17
600150.SH,2026-06-17 14:01:00,2026-06-17,14:01:00,36.56,36.56,36.54,36.54,227253.0,8306123.0,tushare,2026-06-19 17:32:17
600150.SH,2026-06-17 14:02:00,2026-06-17,14:02:00,36.53,36.53,36.5,36.51,133500.0,4874461.0,tushare,2026-06-19 17:32:17
600150.SH,2026-06-17 14:03:00,2026-06-17,14:03:00,36.5,36.55,36.5,36.52,216081.0,7892075.0,tushare,2026-06-19 17:32:17
600150.SH,2026-06-17 14:04:00,2026-06-17,14:04:00,36.53,36.55,36.51,36.55,77400.0,2827454.0,tushare,2026-06-19 17:32:17
600150.SH,2026-06-17 14:05:00,2026-06-17,14:05:00,36.55,36.56,36.5,36.56,192800.0,7042799.0,tushare,2026-06-19 17:32:17
600150.SH,2026-06-17 14:06:00,2026-06-17,14:06:00,36.54,36.63,36.54,36.63,508221.0,18595786.0,tushare,2026-06-19 17:32:17
600150.SH,2026-06-17 14:07:00,2026-06-17,14:07:00,36.57,36.66,36.57,36.63,294126.0,10778221.0,tushare,2026-06-19 17:32:17
600150.SH,2026-06-17 14:08:00,2026-06-17,14:08:00,36.64,36.75,36.64,36.75,535242.0,19650576.0,tushare,2026-06-19 17:32:17
600150.SH,2026-06-17 14:09:00,2026-06-17,14:09:00,36.8,36.86,36.8,36.84,882400.0,32503390.0,tushare,2026-06-19 17:32:17
600150.SH,2026-06-17 14:10:00,2026-06-17,14:10:00,36.84,36.85,36.77,36.77,445400.0,16400377.0,tushare,2026-06-19 17:32:17
600150.SH,2026-06-17 14:11:00,2026-06-17,14:11:00,36.76,36.78,36.72,36.72,360100.0,13229965.0,tushare,2026-06-19 17:32:17
600150.SH,2026-06-17 14:12:00,2026-06-17,14:12:00,36.72,36.75,36.7,36.7,532700.0,19556280.0,tushare,2026-06-19 17:32:17
600150.SH,2026-06-17 14:13:00,2026-06-17,14:13:00,36.71,36.73,36.69,36.73,120106.0,4408809.0,tushare,2026-06-19 17:32:17
600150.SH,2026-06-17 14:14:00,2026-06-17,14:14:00,36.73,36.81,36.73,36.77,485753.0,17861016.0,tushare,2026-06-19 17:32:17
600150.SH,2026-06-17 14:15:00,2026-06-17,14:15:00,36.74,36.77,36.73,36.77,296700.0,10907331.0,tushare,2026-06-19 17:32:17
600150.SH,2026-06-17 14:16:00,2026-06-17,14:16:00,36.76,36.83,36.76,36.83,320700.0,11798502.0,tushare,2026-06-19 17:32:17
600150.SH,2026-06-17 14:17:00,2026-06-17,14:17:00,36.83,36.87,36.81,36.86,1209000.0,44548450.0,tushare,2026-06-19 17:32:17
600150.SH,2026-06-17 14:18:00,2026-06-17,14:18:00,36.87,37.0,36.87,36.99,1772699.0,65509596.0,tushare,2026-06-19 17:32:17
600150.SH,2026-06-17 14:19:00,2026-06-17,14:19:00,37.0,37.02,36.92,36.93,866200.0,32032674.0,tushare,2026-06-19 17:32:17
600150.SH,2026-06-17 14:20:00,2026-06-17,14:20:00,36.92,36.92,36.88,36.9,366877.0,13538515.0,tushare,2026-06-19 17:32:17
600150.SH,2026-06-17 14:21:00,2026-06-17,14:21:00,36.89,36.93,36.89,36.91,389100.0,14362350.0,tushare,2026-06-19 17:32:17
600150.SH,2026-06-17 14:22:00,2026-06-17,14:22:00,36.92,36.92,36.86,36.87,465023.0,17151572.0,tushare,2026-06-19 17:32:17
600150.SH,2026-06-17 14:23:00,2026-06-17,14:23:00,36.87,36.89,36.8,36.82,426200.0,15707641.0,tushare,2026-06-19 17:32:17
600150.SH,2026-06-17 14:24:00,2026-06-17,14:24:00,36.82,36.84,36.82,36.84,138200.0,5090489.0,tushare,2026-06-19 17:32:17
600150.SH,2026-06-17 14:25:00,2026-06-17,14:25:00,36.82,36.91,36.82,36.9,429300.0,15831855.0,tushare,2026-06-19 17:32:17
600150.SH,2026-06-17 14:26:00,2026-06-17,14:26:00,36.91,36.94,36.9,36.94,558034.0,20607092.0,tushare,2026-06-19 17:32:17
600150.SH,2026-06-17 14:27:00,2026-06-17,14:27:00,36.93,36.93,36.87,36.87,627500.0,23161420.0,tushare,2026-06-19 17:32:17
600150.SH,2026-06-17 14:28:00,2026-06-17,14:28:00,36.89,36.9,36.86,36.89,148100.0,5462395.0,tushare,2026-06-19 17:32:17
600150.SH,2026-06-17 14:29:00,2026-06-17,14:29:00,36.87,36.89,36.85,36.85,268800.0,9911492.0,tushare,2026-06-19 17:32:17
600150.SH,2026-06-17 14:30:00,2026-06-17,14:30:00,36.85,36.88,36.84,36.86,255329.0,9411600.0,tushare,2026-06-19 17:32:17
600150.SH,2026-06-17 14:31:00,2026-06-17,14:31:00,36.86,36.95,36.86,36.95,495840.0,18304704.0,tushare,2026-06-19 17:32:17
600150.SH,2026-06-17 14:32:00,2026-06-17,14:32:00,36.97,37.01,36.96,36.99,1056400.0,39073484.0,tushare,2026-06-19 17:32:17
600150.SH,2026-06-17 14:33:00,2026-06-17,14:33:00,36.99,37.0,36.97,36.97,508400.0,18803940.0,tushare,2026-06-19 17:32:17
600150.SH,2026-06-17 14:34:00,2026-06-17,14:34:00,36.96,36.98,36.95,36.98,412400.0,15247620.0,tushare,2026-06-19 17:32:17
600150.SH,2026-06-17 14:35:00,2026-06-17,14:35:00,36.98,36.99,36.96,36.98,474500.0,17550692.0,tushare,2026-06-19 17:32:17
600150.SH,2026-06-17 14:36:00,2026-06-17,14:36:00,36.98,37.01,36.97,36.97,552271.0,20431952.0,tushare,2026-06-19 17:32:17
600150.SH,2026-06-17 14:37:00,2026-06-17,14:37:00,36.98,37.0,36.97,36.99,363779.0,13455342.0,tushare,2026-06-19 17:32:17
600150.SH,2026-06-17 14:38:00,2026-06-17,14:38:00,36.99,37.04,36.98,36.98,615421.0,22780018.0,tushare,2026-06-19 17:32:17
600150.SH,2026-06-17 14:39:00,2026-06-17,14:39:00,37.0,37.0,36.94,36.94,435500.0,16102498.0,tushare,2026-06-19 17:32:17
600150.SH,2026-06-17 14:40:00,2026-06-17,14:40:00,36.93,36.98,36.93,36.97,373400.0,13800241.0,tushare,2026-06-19 17:32:17
600150.SH,2026-06-17 14:41:00,2026-06-17,14:41:00,36.96,36.96,36.94,36.94,261300.0,9656355.0,tushare,2026-06-19 17:32:17
600150.SH,2026-06-17 14:42:00,2026-06-17,14:42:00,36.94,36.95,36.93,36.94,294800.0,10889616.0,tushare,2026-06-19 17:32:17
600150.SH,2026-06-17 14:43:00,2026-06-17,14:43:00,36.95,36.98,36.95,36.96,272454.0,10069518.0,tushare,2026-06-19 17:32:17
600150.SH,2026-06-17 14:44:00,2026-06-17,14:44:00,36.96,36.97,36.92,36.92,446000.0,16481781.0,tushare,2026-06-19 17:32:17
600150.SH,2026-06-17 14:45:00,2026-06-17,14:45:00,36.93,37.02,36.93,37.01,762052.0,28184236.0,tushare,2026-06-19 17:32:17
600150.SH,2026-06-17 14:46:00,2026-06-17,14:46:00,37.01,37.09,36.99,37.02,1367285.0,50654180.0,tushare,2026-06-19 17:32:17
600150.SH,2026-06-17 14:47:00,2026-06-17,14:47:00,37.02,37.02,36.99,37.0,414800.0,15351787.0,tushare,2026-06-19 17:32:17
600150.SH,2026-06-17 14:48:00,2026-06-17,14:48:00,37.0,37.02,37.0,37.01,368553.0,13639673.0,tushare,2026-06-19 17:32:17
600150.SH,2026-06-17 14:49:00,2026-06-17,14:49:00,37.01,37.04,37.01,37.03,468305.0,17339924.0,tushare,2026-06-19 17:32:17
600150.SH,2026-06-17 14:50:00,2026-06-17,14:50:00,37.04,37.05,37.0,37.0,557030.0,20622530.0,tushare,2026-06-19 17:32:17
600150.SH,2026-06-17 14:51:00,2026-06-17,14:51:00,37.01,37.03,37.0,37.02,508221.0,18814508.0,tushare,2026-06-19 17:32:17
600150.SH,2026-06-17 14:52:00,2026-06-17,14:52:00,37.02,37.05,37.02,37.03,486373.0,18010492.0,tushare,2026-06-19 17:32:17
600150.SH,2026-06-17 14:53:00,2026-06-17,14:53:00,37.03,37.05,37.02,37.05,503736.0,18659364.0,tushare,2026-06-19 17:32:17
600150.SH,2026-06-17 14:54:00,2026-06-17,14:54:00,37.05,37.09,37.04,37.09,1178516.0,43687076.0,tushare,2026-06-19 17:32:17
600150.SH,2026-06-17 14:55:00,2026-06-17,14:55:00,37.12,37.15,37.1,37.12,1447344.0,53720350.0,tushare,2026-06-19 17:32:17
600150.SH,2026-06-17 14:56:00,2026-06-17,14:56:00,37.13,37.14,37.12,37.14,939695.0,34896630.0,tushare,2026-06-19 17:32:17
600150.SH,2026-06-17 14:57:00,2026-06-17,14:57:00,37.14,37.16,37.13,37.15,797645.0,29627448.0,tushare,2026-06-19 17:32:17
600150.SH,2026-06-17 14:58:00,2026-06-17,14:58:00,37.15,37.15,37.15,37.15,0.0,0.0,tushare,2026-06-19 17:32:17
600150.SH,2026-06-17 14:59:00,2026-06-17,14:59:00,37.15,37.15,37.15,37.15,0.0,0.0,tushare,2026-06-19 17:32:17
600150.SH,2026-06-17 15:00:00,2026-06-17,15:00:00,37.15,37.15,37.15,37.15,1980365.0,73570560.0,tushare,2026-06-19 17:32:17
600150.SH,2026-06-18 09:30:00,2026-06-18,09:30:00,37.02,37.02,37.02,37.02,1034700.0,38304590.0,tushare,2026-06-19 17:32:17
600150.SH,2026-06-18 09:31:00,2026-06-18,09:31:00,37.02,37.04,36.94,37.0,2078200.0,76891740.0,tushare,2026-06-19 17:32:17
600150.SH,2026-06-18 09:32:00,2026-06-18,09:32:00,37.02,37.34,37.02,37.27,2891474.0,107520910.0,tushare,2026-06-19 17:32:17
600150.SH,2026-06-18 09:33:00,2026-06-18,09:33:00,37.31,37.39,37.2,37.2,2529623.0,94430850.0,tushare,2026-06-19 17:32:17
600150.SH,2026-06-18 09:34:00,2026-06-18,09:34:00,37.19,37.19,37.09,37.1,1072600.0,39822500.0,tushare,2026-06-19 17:32:17
600150.SH,2026-06-18 09:35:00,2026-06-18,09:35:00,37.07,37.07,36.84,36.84,1229900.0,45451930.0,tushare,2026-06-19 17:32:17
600150.SH,2026-06-18 09:36:00,2026-06-18,09:36:00,36.81,36.85,36.8,36.8,1104800.0,40684024.0,tushare,2026-06-19 17:32:17
600150.SH,2026-06-18 09:37:00,2026-06-18,09:37:00,36.8,37.09,36.78,37.09,1119007.0,41302424.0,tushare,2026-06-19 17:32:17
600150.SH,2026-06-18 09:38:00,2026-06-18,09:38:00,37.14,37.19,37.08,37.09,957245.0,35562216.0,tushare,2026-06-19 17:32:17
600150.SH,2026-06-18 09:39:00,2026-06-18,09:39:00,37.08,37.08,36.9,36.95,530903.0,19630440.0,tushare,2026-06-19 17:32:17
600150.SH,2026-06-18 09:40:00,2026-06-18,09:40:00,36.93,37.29,36.93,37.24,1306253.0,48517816.0,tushare,2026-06-19 17:32:17
600150.SH,2026-06-18 09:41:00,2026-06-18,09:41:00,37.22,37.43,37.22,37.35,1975495.0,73779976.0,tushare,2026-06-19 17:32:17
600150.SH,2026-06-18 09:42:00,2026-06-18,09:42:00,37.34,37.34,37.22,37.24,750300.0,27979010.0,tushare,2026-06-19 17:32:17
600150.SH,2026-06-18 09:43:00,2026-06-18,09:43:00,37.22,37.22,37.14,37.14,552100.0,20528928.0,tushare,2026-06-19 17:32:17
600150.SH,2026-06-18 09:44:00,2026-06-18,09:44:00,37.15,37.18,37.08,37.09,765921.0,28446308.0,tushare,2026-06-19 17:32:17
600150.SH,2026-06-18 09:45:00,2026-06-18,09:45:00,37.08,37.09,37.02,37.07,426370.0,15795356.0,tushare,2026-06-19 17:32:17
600150.SH,2026-06-18 09:46:00,2026-06-18,09:46:00,37.09,37.11,36.96,36.97,782266.0,28963172.0,tushare,2026-06-19 17:32:17
600150.SH,2026-06-18 09:47:00,2026-06-18,09:47:00,36.97,36.97,36.92,36.94,505113.0,18663944.0,tushare,2026-06-19 17:32:17
600150.SH,2026-06-18 09:48:00,2026-06-18,09:48:00,36.94,36.99,36.94,36.97,405363.0,14977257.0,tushare,2026-06-19 17:32:17
600150.SH,2026-06-18 09:49:00,2026-06-18,09:49:00,36.97,36.98,36.91,36.92,682621.0,25217556.0,tushare,2026-06-19 17:32:17
600150.SH,2026-06-18 09:50:00,2026-06-18,09:50:00,36.92,36.92,36.83,36.83,861200.0,31756154.0,tushare,2026-06-19 17:32:17
600150.SH,2026-06-18 09:51:00,2026-06-18,09:51:00,36.84,36.87,36.83,36.86,554413.0,20427678.0,tushare,2026-06-19 17:32:17
600150.SH,2026-06-18 09:52:00,2026-06-18,09:52:00,36.86,36.95,36.86,36.9,479900.0,17706036.0,tushare,2026-06-19 17:32:17
600150.SH,2026-06-18 09:53:00,2026-06-18,09:53:00,36.9,36.91,36.88,36.91,465600.0,17180964.0,tushare,2026-06-19 17:32:17
600150.SH,2026-06-18 09:54:00,2026-06-18,09:54:00,36.9,36.91,36.76,36.77,1915987.0,70534510.0,tushare,2026-06-19 17:32:17
600150.SH,2026-06-18 09:55:00,2026-06-18,09:55:00,36.76,36.87,36.75,36.84,459892.0,16933476.0,tushare,2026-06-19 17:32:17
600150.SH,2026-06-18 09:56:00,2026-06-18,09:56:00,36.85,36.94,36.82,36.9,468261.0,17274708.0,tushare,2026-06-19 17:32:17
600150.SH,2026-06-18 09:57:00,2026-06-18,09:57:00,36.9,37.11,36.9,37.02,441839.0,16362905.0,tushare,2026-06-19 17:32:17
600150.SH,2026-06-18 09:58:00,2026-06-18,09:58:00,37.01,37.05,36.98,37.04,413472.0,15308992.0,tushare,2026-06-19 17:32:17
600150.SH,2026-06-18 09:59:00,2026-06-18,09:59:00,37.02,37.04,36.93,36.93,288500.0,10670766.0,tushare,2026-06-19 17:32:17
600150.SH,2026-06-18 10:00:00,2026-06-18,10:00:00,36.93,36.96,36.88,36.93,302550.0,11171857.0,tushare,2026-06-19 17:32:17
600150.SH,2026-06-18 10:01:00,2026-06-18,10:01:00,36.92,36.92,36.89,36.9,411900.0,15201389.0,tushare,2026-06-19 17:32:17
600150.SH,2026-06-18 10:02:00,2026-06-18,10:02:00,36.89,36.96,36.86,36.96,662073.0,24423870.0,tushare,2026-06-19 17:32:17
600150.SH,2026-06-18 10:03:00,2026-06-18,10:03:00,36.97,36.99,36.93,36.93,238200.0,8805622.0,tushare,2026-06-19 17:32:17
600150.SH,2026-06-18 10:04:00,2026-06-18,10:04:00,36.92,36.92,36.88,36.88,225200.0,8310077.0,tushare,2026-06-19 17:32:17
600150.SH,2026-06-18 10:05:00,2026-06-18,10:05:00,36.88,36.9,36.87,36.87,413400.0,15245620.0,tushare,2026-06-19 17:32:17
600150.SH,2026-06-18 10:06:00,2026-06-18,10:06:00,36.87,36.9,36.84,36.88,537013.0,19801560.0,tushare,2026-06-19 17:32:17
600150.SH,2026-06-18 10:07:00,2026-06-18,10:07:00,36.89,36.97,36.88,36.97,579041.0,21390508.0,tushare,2026-06-19 17:32:17
600150.SH,2026-06-18 10:08:00,2026-06-18,10:08:00,36.98,37.02,36.98,36.99,341834.0,12649797.0,tushare,2026-06-19 17:32:17
600150.SH,2026-06-18 10:09:00,2026-06-18,10:09:00,37.0,37.03,36.96,37.03,381232.0,14102190.0,tushare,2026-06-19 17:32:17
600150.SH,2026-06-18 10:10:00,2026-06-18,10:10:00,37.04,37.04,36.98,37.03,265746.0,9834013.0,tushare,2026-06-19 17:32:17
600150.SH,2026-06-18 10:11:00,2026-06-18,10:11:00,37.03,37.03,36.88,36.89,297854.0,11006982.0,tushare,2026-06-19 17:32:17
600150.SH,2026-06-18 10:12:00,2026-06-18,10:12:00,36.88,36.96,36.88,36.92,300539.0,11094984.0,tushare,2026-06-19 17:32:17
600150.SH,2026-06-18 10:13:00,2026-06-18,10:13:00,36.92,36.92,36.85,36.86,315700.0,11639312.0,tushare,2026-06-19 17:32:17
600150.SH,2026-06-18 10:14:00,2026-06-18,10:14:00,36.86,36.97,36.86,36.89,517185.0,19068428.0,tushare,2026-06-19 17:32:17
600150.SH,2026-06-18 10:15:00,2026-06-18,10:15:00,36.89,36.89,36.86,36.86,190134.0,7009975.0,tushare,2026-06-19 17:32:17
600150.SH,2026-06-18 10:16:00,2026-06-18,10:16:00,36.86,36.87,36.83,36.87,731280.0,26941632.0,tushare,2026-06-19 17:32:17
600150.SH,2026-06-18 10:17:00,2026-06-18,10:17:00,36.87,36.89,36.85,36.85,216800.0,7994047.0,tushare,2026-06-19 17:32:17
600150.SH,2026-06-18 10:18:00,2026-06-18,10:18:00,36.85,36.85,36.79,36.8,1304400.0,48020410.0,tushare,2026-06-19 17:32:17
600150.SH,2026-06-18 10:19:00,2026-06-18,10:19:00,36.8,36.85,36.78,36.78,458100.0,16864514.0,tushare,2026-06-19 17:32:17
600150.SH,2026-06-18 10:20:00,2026-06-18,10:20:00,36.79,36.83,36.78,36.83,487713.0,17945092.0,tushare,2026-06-19 17:32:17
600150.SH,2026-06-18 10:21:00,2026-06-18,10:21:00,36.82,36.84,36.82,36.83,136847.0,5040135.0,tushare,2026-06-19 17:32:17
600150.SH,2026-06-18 10:22:00,2026-06-18,10:22:00,36.83,36.83,36.78,36.79,314753.0,11583559.0,tushare,2026-06-19 17:32:17
600150.SH,2026-06-18 10:23:00,2026-06-18,10:23:00,36.79,36.79,36.76,36.78,496520.0,18257168.0,tushare,2026-06-19 17:32:17
600150.SH,2026-06-18 10:24:00,2026-06-18,10:24:00,36.78,36.78,36.75,36.75,518356.0,19053742.0,tushare,2026-06-19 17:32:17
600150.SH,2026-06-18 10:25:00,2026-06-18,10:25:00,36.76,36.79,36.74,36.79,312232.0,11479062.0,tushare,2026-06-19 17:32:17
600150.SH,2026-06-18 10:26:00,2026-06-18,10:26:00,36.8,36.81,36.76,36.79,225700.0,8301889.0,tushare,2026-06-19 17:32:17
600150.SH,2026-06-18 10:27:00,2026-06-18,10:27:00,36.8,36.82,36.8,36.81,166047.0,6111164.0,tushare,2026-06-19 17:32:17
600150.SH,2026-06-18 10:28:00,2026-06-18,10:28:00,36.81,36.83,36.81,36.83,296800.0,10928362.0,tushare,2026-06-19 17:32:17
600150.SH,2026-06-18 10:29:00,2026-06-18,10:29:00,36.82,36.82,36.79,36.79,376020.0,13838852.0,tushare,2026-06-19 17:32:17
600150.SH,2026-06-18 10:30:00,2026-06-18,10:30:00,36.79,36.79,36.75,36.76,322000.0,11839596.0,tushare,2026-06-19 17:32:17
600150.SH,2026-06-18 10:31:00,2026-06-18,10:31:00,36.75,36.77,36.71,36.72,598468.0,21987352.0,tushare,2026-06-19 17:32:17
600150.SH,2026-06-18 10:32:00,2026-06-18,10:32:00,36.72,36.73,36.71,36.73,404240.0,14841707.0,tushare,2026-06-19 17:32:17
600150.SH,2026-06-18 10:33:00,2026-06-18,10:33:00,36.72,36.73,36.7,36.7,438360.0,16093706.0,tushare,2026-06-19 17:32:17
600150.SH,2026-06-18 10:34:00,2026-06-18,10:34:00,36.7,36.7,36.65,36.65,954900.0,35026936.0,tushare,2026-06-19 17:32:17
600150.SH,2026-06-18 10:35:00,2026-06-18,10:35:00,36.65,36.65,36.6,36.62,916200.0,33557484.0,tushare,2026-06-19 17:32:17
600150.SH,2026-06-18 10:36:00,2026-06-18,10:36:00,36.61,36.61,36.5,36.51,1782000.0,65142076.0,tushare,2026-06-19 17:32:17
600150.SH,2026-06-18 10:37:00,2026-06-18,10:37:00,36.52,36.6,36.52,36.59,657000.0,24020972.0,tushare,2026-06-19 17:32:17
600150.SH,2026-06-18 10:38:00,2026-06-18,10:38:00,36.58,36.6,36.57,36.58,363200.0,13287637.0,tushare,2026-06-19 17:32:17
600150.SH,2026-06-18 10:39:00,2026-06-18,10:39:00,36.58,36.59,36.57,36.59,259335.0,9485583.0,tushare,2026-06-19 17:32:17
600150.SH,2026-06-18 10:40:00,2026-06-18,10:40:00,36.58,36.59,36.52,36.53,449500.0,16430268.0,tushare,2026-06-19 17:32:17
600150.SH,2026-06-18 10:41:00,2026-06-18,10:41:00,36.54,36.59,36.54,36.57,341562.0,12486628.0,tushare,2026-06-19 17:32:17
600150.SH,2026-06-18 10:42:00,2026-06-18,10:42:00,36.56,36.56,36.54,36.55,314372.0,11488979.0,tushare,2026-06-19 17:32:17
600150.SH,2026-06-18 10:43:00,2026-06-18,10:43:00,36.55,36.56,36.53,36.54,271566.0,9922990.0,tushare,2026-06-19 17:32:17
600150.SH,2026-06-18 10:44:00,2026-06-18,10:44:00,36.54,36.54,36.51,36.51,475600.0,17368840.0,tushare,2026-06-19 17:32:17
600150.SH,2026-06-18 10:45:00,2026-06-18,10:45:00,36.53,36.55,36.53,36.55,243818.0,8907818.0,tushare,2026-06-19 17:32:17
600150.SH,2026-06-18 10:46:00,2026-06-18,10:46:00,36.55,36.57,36.51,36.51,554482.0,20255772.0,tushare,2026-06-19 17:32:17
600150.SH,2026-06-18 10:47:00,2026-06-18,10:47:00,36.52,36.52,36.41,36.43,1149000.0,41920228.0,tushare,2026-06-19 17:32:17
600150.SH,2026-06-18 10:48:00,2026-06-18,10:48:00,36.41,36.47,36.38,36.43,873400.0,31805360.0,tushare,2026-06-19 17:32:17
600150.SH,2026-06-18 10:49:00,2026-06-18,10:49:00,36.42,36.42,36.37,36.38,622000.0,22637588.0,tushare,2026-06-19 17:32:17
600150.SH,2026-06-18 10:50:00,2026-06-18,10:50:00,36.37,36.37,36.35,36.36,612100.0,22256956.0,tushare,2026-06-19 17:32:17
600150.SH,2026-06-18 10:51:00,2026-06-18,10:51:00,36.35,36.36,36.32,36.35,573000.0,20824738.0,tushare,2026-06-19 17:32:17
600150.SH,2026-06-18 10:52:00,2026-06-18,10:52:00,36.36,36.42,36.33,36.39,688286.0,25041712.0,tushare,2026-06-19 17:32:17
600150.SH,2026-06-18 10:53:00,2026-06-18,10:53:00,36.4,36.43,36.39,36.43,371611.0,13528856.0,tushare,2026-06-19 17:32:17
600150.SH,2026-06-18 10:54:00,2026-06-18,10:54:00,36.44,36.45,36.4,36.41,373100.0,13592104.0,tushare,2026-06-19 17:32:17
600150.SH,2026-06-18 10:55:00,2026-06-18,10:55:00,36.41,36.41,36.34,36.34,394089.0,14331960.0,tushare,2026-06-19 17:32:17
600150.SH,2026-06-18 10:56:00,2026-06-18,10:56:00,36.33,36.33,36.31,36.32,352300.0,12796872.0,tushare,2026-06-19 17:32:17
600150.SH,2026-06-18 10:57:00,2026-06-18,10:57:00,36.32,36.34,36.31,36.31,417700.0,15171023.0,tushare,2026-06-19 17:32:17
600150.SH,2026-06-18 10:58:00,2026-06-18,10:58:00,36.32,36.32,36.29,36.29,643800.0,23372184.0,tushare,2026-06-19 17:32:17
600150.SH,2026-06-18 10:59:00,2026-06-18,10:59:00,36.29,36.29,36.24,36.25,446200.0,16182440.0,tushare,2026-06-19 17:32:17
600150.SH,2026-06-18 11:00:00,2026-06-18,11:00:00,36.25,36.25,36.22,36.24,344594.0,12487955.0,tushare,2026-06-19 17:32:17
600150.SH,2026-06-18 11:01:00,2026-06-18,11:01:00,36.24,36.24,36.21,36.22,351813.0,12743780.0,tushare,2026-06-19 17:32:17
600150.SH,2026-06-18 11:02:00,2026-06-18,11:02:00,36.22,36.22,36.18,36.18,689893.0,24977984.0,tushare,2026-06-19 17:32:17
600150.SH,2026-06-18 11:03:00,2026-06-18,11:03:00,36.17,36.18,36.15,36.15,533200.0,19282280.0,tushare,2026-06-19 17:32:17
600150.SH,2026-06-18 11:04:00,2026-06-18,11:04:00,36.15,36.16,36.11,36.13,464700.0,16790150.0,tushare,2026-06-19 17:32:17
600150.SH,2026-06-18 11:05:00,2026-06-18,11:05:00,36.15,36.18,36.13,36.14,581700.0,21032488.0,tushare,2026-06-19 17:32:17
600150.SH,2026-06-18 11:06:00,2026-06-18,11:06:00,36.15,36.17,36.12,36.14,519900.0,18789650.0,tushare,2026-06-19 17:32:17
600150.SH,2026-06-18 11:07:00,2026-06-18,11:07:00,36.13,36.13,36.09,36.1,620000.0,22386354.0,tushare,2026-06-19 17:32:17
600150.SH,2026-06-18 11:08:00,2026-06-18,11:08:00,36.1,36.12,36.09,36.09,380269.0,13729533.0,tushare,2026-06-19 17:32:17
600150.SH,2026-06-18 11:09:00,2026-06-18,11:09:00,36.1,36.14,36.09,36.12,356927.0,12890271.0,tushare,2026-06-19 17:32:17
600150.SH,2026-06-18 11:10:00,2026-06-18,11:10:00,36.12,36.14,36.12,36.14,373654.0,13498526.0,tushare,2026-06-19 17:32:17
600150.SH,2026-06-18 11:11:00,2026-06-18,11:11:00,36.14,36.14,36.0,36.01,1723850.0,62156360.0,tushare,2026-06-19 17:32:17
600150.SH,2026-06-18 11:12:00,2026-06-18,11:12:00,36.0,36.01,35.96,36.0,1644700.0,59205316.0,tushare,2026-06-19 17:32:17
600150.SH,2026-06-18 11:13:00,2026-06-18,11:13:00,35.99,36.01,35.94,35.95,847200.0,30488254.0,tushare,2026-06-19 17:32:17
600150.SH,2026-06-18 11:14:00,2026-06-18,11:14:00,35.94,35.94,35.88,35.92,622267.0,22348564.0,tushare,2026-06-19 17:32:17
600150.SH,2026-06-18 11:15:00,2026-06-18,11:15:00,35.93,35.94,35.9,35.92,383500.0,13774975.0,tushare,2026-06-19 17:32:17
600150.SH,2026-06-18 11:16:00,2026-06-18,11:16:00,35.92,35.97,35.92,35.97,682898.0,24533770.0,tushare,2026-06-19 17:32:17
600150.SH,2026-06-18 11:17:00,2026-06-18,11:17:00,35.97,36.0,35.97,35.97,463200.0,16668995.0,tushare,2026-06-19 17:32:17
600150.SH,2026-06-18 11:18:00,2026-06-18,11:18:00,35.99,36.05,35.96,36.05,365308.0,13145563.0,tushare,2026-06-19 17:32:17
600150.SH,2026-06-18 11:19:00,2026-06-18,11:19:00,36.05,36.08,36.03,36.08,517335.0,18656034.0,tushare,2026-06-19 17:32:17
600150.SH,2026-06-18 11:20:00,2026-06-18,11:20:00,36.08,36.14,36.07,36.14,589542.0,21280354.0,tushare,2026-06-19 17:32:17
600150.SH,2026-06-18 11:21:00,2026-06-18,11:21:00,36.14,36.19,36.14,36.19,415210.0,15013074.0,tushare,2026-06-19 17:32:17
600150.SH,2026-06-18 11:22:00,2026-06-18,11:22:00,36.19,36.21,36.19,36.2,347600.0,12582153.0,tushare,2026-06-19 17:32:17
600150.SH,2026-06-18 11:23:00,2026-06-18,11:23:00,36.2,36.21,36.13,36.17,311300.0,11261111.0,tushare,2026-06-19 17:32:17
600150.SH,2026-06-18 11:24:00,2026-06-18,11:24:00,36.18,36.19,36.16,36.18,127581.0,4614987.0,tushare,2026-06-19 17:32:17
600150.SH,2026-06-18 11:25:00,2026-06-18,11:25:00,36.16,36.17,36.15,36.16,93200.0,3370285.0,tushare,2026-06-19 17:32:17
600150.SH,2026-06-18 11:26:00,2026-06-18,11:26:00,36.16,36.17,36.11,36.11,200119.0,7233741.0,tushare,2026-06-19 17:32:17
600150.SH,2026-06-18 11:27:00,2026-06-18,11:27:00,36.1,36.1,36.06,36.06,320700.0,11570084.0,tushare,2026-06-19 17:32:17
600150.SH,2026-06-18 11:28:00,2026-06-18,11:28:00,36.06,36.06,35.97,35.98,1587300.0,57132456.0,tushare,2026-06-19 17:32:17
600150.SH,2026-06-18 11:29:00,2026-06-18,11:29:00,35.98,36.06,35.98,36.03,411200.0,14813660.0,tushare,2026-06-19 17:32:17
600150.SH,2026-06-18 11:30:00,2026-06-18,11:30:00,36.02,36.03,36.01,36.03,268700.0,9679791.0,tushare,2026-06-19 17:32:17
600150.SH,2026-06-18 13:01:00,2026-06-18,13:01:00,36.03,36.03,35.8,35.91,3831921.0,137568110.0,tushare,2026-06-19 17:32:17
600150.SH,2026-06-18 13:02:00,2026-06-18,13:02:00,35.91,35.99,35.85,35.85,1370000.0,49240540.0,tushare,2026-06-19 17:32:17
600150.SH,2026-06-18 13:03:00,2026-06-18,13:03:00,35.85,35.85,35.76,35.83,1026897.0,36772724.0,tushare,2026-06-19 17:32:17
600150.SH,2026-06-18 13:04:00,2026-06-18,13:04:00,35.87,35.88,35.83,35.84,727710.0,26086426.0,tushare,2026-06-19 17:32:17
600150.SH,2026-06-18 13:05:00,2026-06-18,13:05:00,35.86,35.91,35.72,35.91,461100.0,16524548.0,tushare,2026-06-19 17:32:17
600150.SH,2026-06-18 13:06:00,2026-06-18,13:06:00,35.91,35.94,35.91,35.91,480800.0,17276796.0,tushare,2026-06-19 17:32:17
600150.SH,2026-06-18 13:07:00,2026-06-18,13:07:00,35.92,35.92,35.9,35.91,471700.0,16924628.0,tushare,2026-06-19 17:32:17
600150.SH,2026-06-18 13:08:00,2026-06-18,13:08:00,35.9,35.97,35.9,35.95,213074.0,7658853.0,tushare,2026-06-19 17:32:17
600150.SH,2026-06-18 13:09:00,2026-06-18,13:09:00,35.96,35.97,35.94,35.95,197200.0,7089860.0,tushare,2026-06-19 17:32:17
600150.SH,2026-06-18 13:10:00,2026-06-18,13:10:00,35.97,36.08,35.96,36.07,426700.0,15373852.0,tushare,2026-06-19 17:32:17
600150.SH,2026-06-18 13:11:00,2026-06-18,13:11:00,36.03,36.09,36.02,36.08,320500.0,11556659.0,tushare,2026-06-19 17:32:17
600150.SH,2026-06-18 13:12:00,2026-06-18,13:12:00,36.09,36.15,36.07,36.08,532500.0,19238186.0,tushare,2026-06-19 17:32:17
600150.SH,2026-06-18 13:13:00,2026-06-18,13:13:00,36.1,36.14,36.1,36.13,281300.0,10163273.0,tushare,2026-06-19 17:32:17
600150.SH,2026-06-18 13:14:00,2026-06-18,13:14:00,36.13,36.14,36.12,36.12,150500.0,5437486.0,tushare,2026-06-19 17:32:17
600150.SH,2026-06-18 13:15:00,2026-06-18,13:15:00,36.11,36.12,36.06,36.12,295100.0,10652175.0,tushare,2026-06-19 17:32:17
600150.SH,2026-06-18 13:16:00,2026-06-18,13:16:00,36.11,36.18,36.11,36.14,235840.0,8524051.0,tushare,2026-06-19 17:32:17
600150.SH,2026-06-18 13:17:00,2026-06-18,13:17:00,36.15,36.15,36.05,36.09,864260.0,31196192.0,tushare,2026-06-19 17:32:17
600150.SH,2026-06-18 13:18:00,2026-06-18,13:18:00,36.19,36.22,36.14,36.22,375524.0,13586080.0,tushare,2026-06-19 17:32:17
600150.SH,2026-06-18 13:19:00,2026-06-18,13:19:00,36.21,36.22,36.2,36.22,148000.0,5359676.0,tushare,2026-06-19 17:32:17
600150.SH,2026-06-18 13:20:00,2026-06-18,13:20:00,36.23,36.23,36.18,36.18,224600.0,8129074.0,tushare,2026-06-19 17:32:17
600150.SH,2026-06-18 13:21:00,2026-06-18,13:21:00,36.17,36.23,36.15,36.23,281400.0,10180118.0,tushare,2026-06-19 17:32:17
600150.SH,2026-06-18 13:22:00,2026-06-18,13:22:00,36.22,36.22,36.17,36.18,155400.0,5623592.0,tushare,2026-06-19 17:32:17
600150.SH,2026-06-18 13:23:00,2026-06-18,13:23:00,36.18,36.2,36.18,36.2,161000.0,5826896.0,tushare,2026-06-19 17:32:17
600150.SH,2026-06-18 13:24:00,2026-06-18,13:24:00,36.2,36.24,36.2,36.21,169164.0,6126843.0,tushare,2026-06-19 17:32:17
600150.SH,2026-06-18 13:25:00,2026-06-18,13:25:00,36.22,36.25,36.19,36.24,232100.0,8406056.0,tushare,2026-06-19 17:32:17
600150.SH,2026-06-18 13:26:00,2026-06-18,13:26:00,36.25,36.29,36.23,36.24,228374.0,8279874.0,tushare,2026-06-19 17:32:17
600150.SH,2026-06-18 13:27:00,2026-06-18,13:27:00,36.24,36.32,36.24,36.28,334200.0,12125999.0,tushare,2026-06-19 17:32:17
600150.SH,2026-06-18 13:28:00,2026-06-18,13:28:00,36.3,36.35,36.29,36.35,221100.0,8027818.0,tushare,2026-06-19 17:32:17
600150.SH,2026-06-18 13:29:00,2026-06-18,13:29:00,36.34,36.38,36.33,36.34,676300.0,24589034.0,tushare,2026-06-19 17:32:17
600150.SH,2026-06-18 13:30:00,2026-06-18,13:30:00,36.35,36.36,36.3,36.32,396400.0,14402144.0,tushare,2026-06-19 17:32:17
600150.SH,2026-06-18 13:31:00,2026-06-18,13:31:00,36.31,36.31,36.27,36.27,176667.0,6411801.0,tushare,2026-06-19 17:32:17
600150.SH,2026-06-18 13:32:00,2026-06-18,13:32:00,36.28,36.37,36.25,36.34,395300.0,14352158.0,tushare,2026-06-19 17:32:17
600150.SH,2026-06-18 13:33:00,2026-06-18,13:33:00,36.33,36.35,36.31,36.31,132500.0,4814178.0,tushare,2026-06-19 17:32:17
600150.SH,2026-06-18 13:34:00,2026-06-18,13:34:00,36.32,36.36,36.31,36.36,186800.0,6786594.0,tushare,2026-06-19 17:32:17
600150.SH,2026-06-18 13:35:00,2026-06-18,13:35:00,36.36,36.36,36.31,36.31,179158.0,6508033.0,tushare,2026-06-19 17:32:17
600150.SH,2026-06-18 13:36:00,2026-06-18,13:36:00,36.32,36.32,36.27,36.29,260800.0,9465326.0,tushare,2026-06-19 17:32:17
600150.SH,2026-06-18 13:37:00,2026-06-18,13:37:00,36.29,36.29,36.23,36.23,173200.0,6280308.0,tushare,2026-06-19 17:32:17
600150.SH,2026-06-18 13:38:00,2026-06-18,13:38:00,36.22,36.23,36.2,36.21,219774.0,7959339.0,tushare,2026-06-19 17:32:17
600150.SH,2026-06-18 13:39:00,2026-06-18,13:39:00,36.21,36.22,36.19,36.21,169300.0,6129738.0,tushare,2026-06-19 17:32:17
600150.SH,2026-06-18 13:40:00,2026-06-18,13:40:00,36.21,36.21,36.19,36.2,173500.0,6281354.0,tushare,2026-06-19 17:32:17
600150.SH,2026-06-18 13:41:00,2026-06-18,13:41:00,36.2,36.21,36.18,36.2,194026.0,7021780.0,tushare,2026-06-19 17:32:17
600150.SH,2026-06-18 13:42:00,2026-06-18,13:42:00,36.2,36.24,36.2,36.23,191489.0,6935026.0,tushare,2026-06-19 17:32:17
600150.SH,2026-06-18 13:43:00,2026-06-18,13:43:00,36.22,36.23,36.19,36.19,168408.0,6097082.0,tushare,2026-06-19 17:32:17
600150.SH,2026-06-18 13:44:00,2026-06-18,13:44:00,36.19,36.22,36.19,36.2,201102.0,7279111.0,tushare,2026-06-19 17:32:17
600150.SH,2026-06-18 13:45:00,2026-06-18,13:45:00,36.2,36.22,36.2,36.2,159800.0,5785379.0,tushare,2026-06-19 17:32:17
600150.SH,2026-06-18 13:46:00,2026-06-18,13:46:00,36.2,36.21,36.15,36.16,188200.0,6809653.0,tushare,2026-06-19 17:32:17
600150.SH,2026-06-18 13:47:00,2026-06-18,13:47:00,36.15,36.2,36.15,36.19,171507.0,6201883.0,tushare,2026-06-19 17:32:17
600150.SH,2026-06-18 13:48:00,2026-06-18,13:48:00,36.19,36.24,36.17,36.24,207981.0,7529046.0,tushare,2026-06-19 17:32:17
600150.SH,2026-06-18 13:49:00,2026-06-18,13:49:00,36.23,36.32,36.23,36.26,270200.0,9797430.0,tushare,2026-06-19 17:32:17
600150.SH,2026-06-18 13:50:00,2026-06-18,13:50:00,36.26,36.28,36.25,36.25,199100.0,7220081.0,tushare,2026-06-19 17:32:17
600150.SH,2026-06-18 13:51:00,2026-06-18,13:51:00,36.24,36.26,36.22,36.25,174439.0,6321380.0,tushare,2026-06-19 17:32:17
600150.SH,2026-06-18 13:52:00,2026-06-18,13:52:00,36.24,36.26,36.23,36.23,117500.0,4259042.0,tushare,2026-06-19 17:32:17
600150.SH,2026-06-18 13:53:00,2026-06-18,13:53:00,36.24,36.27,36.23,36.27,141000.0,5110362.0,tushare,2026-06-19 17:32:17
600150.SH,2026-06-18 13:54:00,2026-06-18,13:54:00,36.25,36.28,36.25,36.25,141600.0,5135114.0,tushare,2026-06-19 17:32:17
600150.SH,2026-06-18 13:55:00,2026-06-18,13:55:00,36.25,36.28,36.24,36.26,112867.0,4091741.0,tushare,2026-06-19 17:32:17
600150.SH,2026-06-18 13:56:00,2026-06-18,13:56:00,36.26,36.26,36.25,36.26,70800.0,2566980.0,tushare,2026-06-19 17:32:17
600150.SH,2026-06-18 13:57:00,2026-06-18,13:57:00,36.26,36.28,36.25,36.25,141328.0,5125850.0,tushare,2026-06-19 17:32:17
600150.SH,2026-06-18 13:58:00,2026-06-18,13:58:00,36.25,36.26,36.25,36.25,114849.0,4164068.0,tushare,2026-06-19 17:32:17
600150.SH,2026-06-18 13:59:00,2026-06-18,13:59:00,36.25,36.26,36.21,36.22,159851.0,5793328.0,tushare,2026-06-19 17:32:17
600150.SH,2026-06-18 14:00:00,2026-06-18,14:00:00,36.23,36.26,36.23,36.23,121400.0,4399360.0,tushare,2026-06-19 17:32:17
600150.SH,2026-06-18 14:01:00,2026-06-18,14:01:00,36.23,36.23,36.21,36.23,98413.0,3564588.0,tushare,2026-06-19 17:32:17
600150.SH,2026-06-18 14:02:00,2026-06-18,14:02:00,36.23,36.23,36.19,36.22,163200.0,5909407.0,tushare,2026-06-19 17:32:17
600150.SH,2026-06-18 14:03:00,2026-06-18,14:03:00,36.2,36.25,36.2,36.22,134900.0,4885794.0,tushare,2026-06-19 17:32:17
600150.SH,2026-06-18 14:04:00,2026-06-18,14:04:00,36.22,36.23,36.2,36.23,279695.0,10128821.0,tushare,2026-06-19 17:32:17
600150.SH,2026-06-18 14:05:00,2026-06-18,14:05:00,36.23,36.24,36.18,36.18,236092.0,8549762.0,tushare,2026-06-19 17:32:17
600150.SH,2026-06-18 14:06:00,2026-06-18,14:06:00,36.18,36.21,36.18,36.2,216614.0,7839634.0,tushare,2026-06-19 17:32:17
600150.SH,2026-06-18 14:07:00,2026-06-18,14:07:00,36.2,36.21,36.18,36.19,215800.0,7810567.0,tushare,2026-06-19 17:32:17
600150.SH,2026-06-18 14:08:00,2026-06-18,14:08:00,36.2,36.22,36.16,36.18,304800.0,11030293.0,tushare,2026-06-19 17:32:17
600150.SH,2026-06-18 14:09:00,2026-06-18,14:09:00,36.17,36.23,36.17,36.23,195688.0,7083398.0,tushare,2026-06-19 17:32:17
600150.SH,2026-06-18 14:10:00,2026-06-18,14:10:00,36.23,36.29,36.23,36.28,315776.0,11446860.0,tushare,2026-06-19 17:32:17
600150.SH,2026-06-18 14:11:00,2026-06-18,14:11:00,36.27,36.31,36.26,36.29,247244.0,8971142.0,tushare,2026-06-19 17:32:17
600150.SH,2026-06-18 14:12:00,2026-06-18,14:12:00,36.3,36.36,36.3,36.33,225100.0,8177788.0,tushare,2026-06-19 17:32:17
600150.SH,2026-06-18 14:13:00,2026-06-18,14:13:00,36.33,36.39,36.33,36.38,426398.0,15504692.0,tushare,2026-06-19 17:32:17
600150.SH,2026-06-18 14:14:00,2026-06-18,14:14:00,36.39,36.39,36.35,36.38,323830.0,11777720.0,tushare,2026-06-19 17:32:17
600150.SH,2026-06-18 14:15:00,2026-06-18,14:15:00,36.38,36.41,36.38,36.4,312132.0,11358732.0,tushare,2026-06-19 17:32:17
600150.SH,2026-06-18 14:16:00,2026-06-18,14:16:00,36.4,36.44,36.4,36.42,287000.0,10452787.0,tushare,2026-06-19 17:32:17
600150.SH,2026-06-18 14:17:00,2026-06-18,14:17:00,36.43,36.43,36.39,36.39,194634.0,7087047.0,tushare,2026-06-19 17:32:17
600150.SH,2026-06-18 14:18:00,2026-06-18,14:18:00,36.37,36.37,36.32,36.33,454505.0,16514830.0,tushare,2026-06-19 17:32:17
600150.SH,2026-06-18 14:19:00,2026-06-18,14:19:00,36.31,36.35,36.3,36.32,114803.0,4170579.0,tushare,2026-06-19 17:32:17
600150.SH,2026-06-18 14:20:00,2026-06-18,14:20:00,36.32,36.33,36.28,36.3,374014.0,13576520.0,tushare,2026-06-19 17:32:17
600150.SH,2026-06-18 14:21:00,2026-06-18,14:21:00,36.31,36.35,36.3,36.3,282108.0,10244910.0,tushare,2026-06-19 17:32:17
600150.SH,2026-06-18 14:22:00,2026-06-18,14:22:00,36.3,36.3,36.29,36.29,185600.0,6736336.0,tushare,2026-06-19 17:32:17
600150.SH,2026-06-18 14:23:00,2026-06-18,14:23:00,36.28,36.28,36.26,36.27,404051.0,14655481.0,tushare,2026-06-19 17:32:17
600150.SH,2026-06-18 14:24:00,2026-06-18,14:24:00,36.29,36.29,36.25,36.26,167300.0,6067334.0,tushare,2026-06-19 17:32:17
600150.SH,2026-06-18 14:25:00,2026-06-18,14:25:00,36.25,36.25,36.22,36.22,331400.0,12012975.0,tushare,2026-06-19 17:32:17
600150.SH,2026-06-18 14:26:00,2026-06-18,14:26:00,36.22,36.22,36.21,36.22,231000.0,8365478.0,tushare,2026-06-19 17:32:17
600150.SH,2026-06-18 14:27:00,2026-06-18,14:27:00,36.22,36.22,36.2,36.2,274100.0,9924458.0,tushare,2026-06-19 17:32:17
600150.SH,2026-06-18 14:28:00,2026-06-18,14:28:00,36.19,36.2,36.18,36.2,451477.0,16339653.0,tushare,2026-06-19 17:32:17
600150.SH,2026-06-18 14:29:00,2026-06-18,14:29:00,36.2,36.22,36.19,36.21,313900.0,11363827.0,tushare,2026-06-19 17:32:17
600150.SH,2026-06-18 14:30:00,2026-06-18,14:30:00,36.2,36.23,36.18,36.23,450654.0,16314489.0,tushare,2026-06-19 17:32:17
600150.SH,2026-06-18 14:31:00,2026-06-18,14:31:00,36.23,36.25,36.22,36.23,327400.0,11864460.0,tushare,2026-06-19 17:32:17
600150.SH,2026-06-18 14:32:00,2026-06-18,14:32:00,36.23,36.27,36.23,36.26,324300.0,11754213.0,tushare,2026-06-19 17:32:17
600150.SH,2026-06-18 14:33:00,2026-06-18,14:33:00,36.26,36.27,36.24,36.24,190400.0,6903230.0,tushare,2026-06-19 17:32:17
600150.SH,2026-06-18 14:34:00,2026-06-18,14:34:00,36.24,36.27,36.23,36.25,297900.0,10797829.0,tushare,2026-06-19 17:32:17
600150.SH,2026-06-18 14:35:00,2026-06-18,14:35:00,36.25,36.26,36.21,36.21,1198999.0,43419424.0,tushare,2026-06-19 17:32:17
600150.SH,2026-06-18 14:36:00,2026-06-18,14:36:00,36.21,36.24,36.21,36.22,385500.0,13963584.0,tushare,2026-06-19 17:32:17
600150.SH,2026-06-18 14:37:00,2026-06-18,14:37:00,36.21,36.22,36.2,36.21,228800.0,8285812.0,tushare,2026-06-19 17:32:17
600150.SH,2026-06-18 14:38:00,2026-06-18,14:38:00,36.21,36.24,36.2,36.22,211200.0,7649231.0,tushare,2026-06-19 17:32:17
600150.SH,2026-06-18 14:39:00,2026-06-18,14:39:00,36.21,36.22,36.17,36.18,585300.0,21185406.0,tushare,2026-06-19 17:32:17
600150.SH,2026-06-18 14:40:00,2026-06-18,14:40:00,36.17,36.18,36.12,36.12,506800.0,18322746.0,tushare,2026-06-19 17:32:17
600150.SH,2026-06-18 14:41:00,2026-06-18,14:41:00,36.13,36.16,36.12,36.15,488422.0,17652756.0,tushare,2026-06-19 17:32:17
600150.SH,2026-06-18 14:42:00,2026-06-18,14:42:00,36.16,36.18,36.16,36.17,353435.0,12784534.0,tushare,2026-06-19 17:32:17
600150.SH,2026-06-18 14:43:00,2026-06-18,14:43:00,36.18,36.2,36.17,36.17,354900.0,12840971.0,tushare,2026-06-19 17:32:17
600150.SH,2026-06-18 14:44:00,2026-06-18,14:44:00,36.18,36.2,36.18,36.2,301939.0,10927086.0,tushare,2026-06-19 17:32:17
600150.SH,2026-06-18 14:45:00,2026-06-18,14:45:00,36.2,36.22,36.19,36.22,325278.0,11778274.0,tushare,2026-06-19 17:32:17
600150.SH,2026-06-18 14:46:00,2026-06-18,14:46:00,36.22,36.22,36.17,36.17,417300.0,15104099.0,tushare,2026-06-19 17:32:17
600150.SH,2026-06-18 14:47:00,2026-06-18,14:47:00,36.17,36.19,36.17,36.17,499294.0,18062880.0,tushare,2026-06-19 17:32:17
600150.SH,2026-06-18 14:48:00,2026-06-18,14:48:00,36.18,36.2,36.17,36.19,583513.0,21113928.0,tushare,2026-06-19 17:32:17
600150.SH,2026-06-18 14:49:00,2026-06-18,14:49:00,36.2,36.23,36.19,36.23,987173.0,35726330.0,tushare,2026-06-19 17:32:17
600150.SH,2026-06-18 14:50:00,2026-06-18,14:50:00,36.23,36.26,36.23,36.24,440700.0,15971915.0,tushare,2026-06-19 17:32:17
600150.SH,2026-06-18 14:51:00,2026-06-18,14:51:00,36.24,36.25,36.22,36.22,388500.0,14075854.0,tushare,2026-06-19 17:32:17
600150.SH,2026-06-18 14:52:00,2026-06-18,14:52:00,36.22,36.23,36.21,36.23,401734.0,14552212.0,tushare,2026-06-19 17:32:17
600150.SH,2026-06-18 14:53:00,2026-06-18,14:53:00,36.23,36.26,36.22,36.26,526239.0,19072348.0,tushare,2026-06-19 17:32:17
600150.SH,2026-06-18 14:54:00,2026-06-18,14:54:00,36.26,36.26,36.25,36.25,490800.0,17793092.0,tushare,2026-06-19 17:32:17
600150.SH,2026-06-18 14:55:00,2026-06-18,14:55:00,36.24,36.26,36.24,36.24,584900.0,21202100.0,tushare,2026-06-19 17:32:17
600150.SH,2026-06-18 14:56:00,2026-06-18,14:56:00,36.24,36.27,36.24,36.26,730498.0,26483964.0,tushare,2026-06-19 17:32:17
600150.SH,2026-06-18 14:57:00,2026-06-18,14:57:00,36.25,36.25,36.21,36.22,672450.0,24364284.0,tushare,2026-06-19 17:32:17
600150.SH,2026-06-18 14:58:00,2026-06-18,14:58:00,36.22,36.22,36.22,36.22,11400.0,412894.0,tushare,2026-06-19 17:32:17
600150.SH,2026-06-18 14:59:00,2026-06-18,14:59:00,36.22,36.22,36.22,36.22,0.0,0.0,tushare,2026-06-19 17:32:17
600150.SH,2026-06-18 15:00:00,2026-06-18,15:00:00,36.14,36.14,36.14,36.14,1313671.0,47476068.0,tushare,2026-06-19 17:32:17
