ts_code,trade_time,trade_date,time,open,high,low,close,vol,amount,source,fetched_at
600150.SH,2026-06-09 10:00:00,2026-06-09,10:00:00,34.95,35.25,34.3,34.59,21342746.0,738535938.0,derived_from_1min,2026-08-26 20:05:40
600150.SH,2026-06-09 11:00:00,2026-06-09,11:00:00,34.57,34.63,34.08,34.22,22038211.0,755263428.0,derived_from_1min,2026-08-26 20:05:40
600150.SH,2026-06-09 12:00:00,2026-06-09,12:00:00,34.22,34.51,34.17,34.47,6583929.0,225855034.0,derived_from_1min,2026-08-26 20:05:40
600150.SH,2026-06-09 14:00:00,2026-06-09,14:00:00,34.47,34.93,34.45,34.61,15016914.0,520753188.0,derived_from_1min,2026-08-26 20:05:40
600150.SH,2026-06-09 15:00:00,2026-06-09,15:00:00,34.61,34.84,34.59,34.64,20305222.0,704294197.0,derived_from_1min,2026-08-26 20:05:40
600150.SH,2026-06-09 16:00:00,2026-06-09,16:00:00,34.65,34.65,34.65,34.65,579608.0,20083416.0,derived_from_1min,2026-08-26 20:05:40
600150.SH,2026-06-10 10:00:00,2026-06-10,10:00:00,34.6,34.8,34.2,34.32,17318702.0,597799816.0,derived_from_1min,2026-08-26 20:05:40
600150.SH,2026-06-10 11:00:00,2026-06-10,11:00:00,34.32,35.32,33.93,34.93,35740095.0,1235772811.0,derived_from_1min,2026-08-26 20:05:40
600150.SH,2026-06-10 12:00:00,2026-06-10,12:00:00,34.94,35.07,34.85,34.94,6756940.0,236117436.0,derived_from_1min,2026-08-26 20:05:40
600150.SH,2026-06-10 14:00:00,2026-06-10,14:00:00,34.91,34.91,34.56,34.79,11327214.0,393407987.0,derived_from_1min,2026-08-26 20:05:40
600150.SH,2026-06-10 15:00:00,2026-06-10,15:00:00,34.78,35.16,34.74,35.04,14003681.0,489531827.0,derived_from_1min,2026-08-26 20:05:40
600150.SH,2026-06-10 16:00:00,2026-06-10,16:00:00,35.06,35.06,35.06,35.06,818986.0,28713648.0,derived_from_1min,2026-08-26 20:05:40
600150.SH,2026-06-11 10:00:00,2026-06-11,10:00:00,34.75,34.93,34.37,34.38,15939743.0,550659144.0,derived_from_1min,2026-08-26 20:05:40
600150.SH,2026-06-11 11:00:00,2026-06-11,11:00:00,34.37,34.6,34.15,34.59,16002054.0,550437690.0,derived_from_1min,2026-08-26 20:05:40
600150.SH,2026-06-11 12:00:00,2026-06-11,12:00:00,34.57,34.6,34.27,34.36,4871456.0,167481079.0,derived_from_1min,2026-08-26 20:05:40
600150.SH,2026-06-11 14:00:00,2026-06-11,14:00:00,34.36,34.55,34.28,34.4,10830058.0,372655987.0,derived_from_1min,2026-08-26 20:05:40
600150.SH,2026-06-11 15:00:00,2026-06-11,15:00:00,34.4,34.45,34.23,34.44,13028316.0,447062636.0,derived_from_1min,2026-08-26 20:05:40
600150.SH,2026-06-11 16:00:00,2026-06-11,16:00:00,34.45,34.45,34.45,34.45,791300.0,27260284.0,derived_from_1min,2026-08-26 20:05:40
600150.SH,2026-06-12 10:00:00,2026-06-12,10:00:00,34.7,35.07,34.64,35.03,21376611.0,745234845.0,derived_from_1min,2026-08-26 20:05:40
600150.SH,2026-06-12 11:00:00,2026-06-12,11:00:00,35.03,35.44,34.94,35.37,24777335.0,871139762.0,derived_from_1min,2026-08-26 20:05:40
600150.SH,2026-06-12 12:00:00,2026-06-12,12:00:00,35.39,35.68,35.39,35.42,16570785.0,588899935.0,derived_from_1min,2026-08-26 20:05:40
600150.SH,2026-06-12 14:00:00,2026-06-12,14:00:00,35.43,35.46,34.91,34.92,19604818.0,688768828.0,derived_from_1min,2026-08-26 20:05:40
600150.SH,2026-06-12 15:00:00,2026-06-12,15:00:00,34.92,35.05,34.87,34.95,19552981.0,683408403.0,derived_from_1min,2026-08-26 20:05:40
600150.SH,2026-06-12 16:00:00,2026-06-12,16:00:00,34.89,34.89,34.89,34.89,1165300.0,40657316.0,derived_from_1min,2026-08-26 20:05:40
600150.SH,2026-06-15 10:00:00,2026-06-15,10:00:00,35.35,36.36,35.35,36.22,43159334.0,1542784846.0,derived_from_1min,2026-08-26 20:05:40
600150.SH,2026-06-15 11:00:00,2026-06-15,11:00:00,36.22,36.43,35.75,36.06,32619900.0,1176393505.0,derived_from_1min,2026-08-26 20:05:40
600150.SH,2026-06-15 12:00:00,2026-06-15,12:00:00,36.06,36.18,35.88,35.89,6818760.0,245750847.0,derived_from_1min,2026-08-26 20:05:40
600150.SH,2026-06-15 14:00:00,2026-06-15,14:00:00,35.92,35.96,35.54,35.73,16734962.0,597032296.0,derived_from_1min,2026-08-26 20:05:40
600150.SH,2026-06-15 15:00:00,2026-06-15,15:00:00,35.74,35.91,35.65,35.91,16952869.0,606502287.0,derived_from_1min,2026-08-26 20:05:40
600150.SH,2026-06-15 16:00:00,2026-06-15,16:00:00,35.91,35.91,35.91,35.91,817914.0,29371292.0,derived_from_1min,2026-08-26 20:05:40
600150.SH,2026-06-16 10:00:00,2026-06-16,10:00:00,35.92,36.1,35.46,35.96,20071743.0,717888117.0,derived_from_1min,2026-08-26 20:05:40
600150.SH,2026-06-16 11:00:00,2026-06-16,11:00:00,35.95,36.49,35.92,36.17,20146888.0,730155218.0,derived_from_1min,2026-08-26 20:05:40
600150.SH,2026-06-16 12:00:00,2026-06-16,12:00:00,36.19,36.24,36.03,36.04,5032791.0,181861673.0,derived_from_1min,2026-08-26 20:05:40
600150.SH,2026-06-16 14:00:00,2026-06-16,14:00:00,36.05,36.17,35.65,35.97,17551752.0,630563648.0,derived_from_1min,2026-08-26 20:05:40
600150.SH,2026-06-16 15:00:00,2026-06-16,15:00:00,35.97,36.11,35.87,35.99,15271231.0,549251236.0,derived_from_1min,2026-08-26 20:05:40
600150.SH,2026-06-16 16:00:00,2026-06-16,16:00:00,35.99,35.99,35.99,35.99,787300.0,28334928.0,derived_from_1min,2026-08-26 20:05:40
600150.SH,2026-06-17 10:00:00,2026-06-17,10:00:00,35.98,37.12,35.88,36.98,38814177.0,1419036174.0,derived_from_1min,2026-08-26 20:05:40
600150.SH,2026-06-17 11:00:00,2026-06-17,11:00:00,36.97,37.03,36.53,36.54,21005163.0,772485802.0,derived_from_1min,2026-08-26 20:05:40
600150.SH,2026-06-17 12:00:00,2026-06-17,12:00:00,36.54,36.63,36.36,36.5,6586358.0,240321077.0,derived_from_1min,2026-08-26 20:05:40
600150.SH,2026-06-17 14:00:00,2026-06-17,14:00:00,36.5,36.88,36.26,36.55,14660448.0,533867869.0,derived_from_1min,2026-08-26 20:05:40
600150.SH,2026-06-17 15:00:00,2026-06-17,15:00:00,36.55,37.16,36.5,37.15,30166811.0,1114174719.0,derived_from_1min,2026-08-26 20:05:40
600150.SH,2026-06-17 16:00:00,2026-06-17,16:00:00,37.15,37.15,37.15,37.15,1980365.0,73570560.0,derived_from_1min,2026-08-26 20:05:40
600150.SH,2026-06-18 10:00:00,2026-06-18,10:00:00,37.02,37.43,36.75,36.93,29049318.0,1076627136.0,derived_from_1min,2026-08-26 20:05:40
600150.SH,2026-06-18 11:00:00,2026-06-18,11:00:00,36.93,37.04,36.24,36.25,28884358.0,1058722177.0,derived_from_1min,2026-08-26 20:05:40
600150.SH,2026-06-18 12:00:00,2026-06-18,12:00:00,36.25,36.25,35.88,36.03,17139360.0,618138498.0,derived_from_1min,2026-08-26 20:05:40
600150.SH,2026-06-18 14:00:00,2026-06-18,14:00:00,36.03,36.38,35.72,36.22,20683710.0,746180728.0,derived_from_1min,2026-08-26 20:05:40
600150.SH,2026-06-18 15:00:00,2026-06-18,15:00:00,36.23,36.44,36.12,36.22,21148702.0,766330718.0,derived_from_1min,2026-08-26 20:05:40
600150.SH,2026-06-18 16:00:00,2026-06-18,16:00:00,36.14,36.14,36.14,36.14,1313671.0,47476068.0,derived_from_1min,2026-08-26 20:05:40
600150.SH,2026-06-22 10:00:00,2026-06-22,10:00:00,35.9,36.68,35.5,36.5,36032082.0,1301734329.0,derived_from_1min,2026-08-26 20:05:40
600150.SH,2026-06-22 11:00:00,2026-06-22,11:00:00,36.48,36.8,36.03,36.36,27271953.0,994183039.0,derived_from_1min,2026-08-26 20:05:40
600150.SH,2026-06-22 12:00:00,2026-06-22,12:00:00,36.36,36.66,36.21,36.58,7254544.0,264376657.0,derived_from_1min,2026-08-26 20:05:40
600150.SH,2026-06-22 14:00:00,2026-06-22,14:00:00,36.57,37.2,36.55,37.06,29799952.0,1101891089.0,derived_from_1min,2026-08-26 20:05:40
600150.SH,2026-06-22 15:00:00,2026-06-22,15:00:00,37.07,37.35,37.01,37.33,26644277.0,990673134.0,derived_from_1min,2026-08-26 20:05:40
600150.SH,2026-06-22 16:00:00,2026-06-22,16:00:00,37.33,37.33,37.33,37.33,1438900.0,53714136.0,derived_from_1min,2026-08-26 20:05:40
600150.SH,2026-06-23 10:00:00,2026-06-23,10:00:00,37.5,37.92,36.92,37.03,33493756.0,1250942786.0,derived_from_1min,2026-08-26 20:05:40
600150.SH,2026-06-23 11:00:00,2026-06-23,11:00:00,37.04,37.1,36.54,36.93,30632330.0,1126848337.0,derived_from_1min,2026-08-26 20:05:40
600150.SH,2026-06-23 12:00:00,2026-06-23,12:00:00,36.92,36.92,36.58,36.66,7011461.0,257510754.0,derived_from_1min,2026-08-26 20:05:40
600150.SH,2026-06-23 14:00:00,2026-06-23,14:00:00,36.66,36.66,36.01,36.07,22306015.0,810124429.0,derived_from_1min,2026-08-26 20:05:40
600150.SH,2026-06-23 15:00:00,2026-06-23,15:00:00,36.04,36.05,35.58,35.81,30754023.0,1101026722.0,derived_from_1min,2026-08-26 20:05:40
600150.SH,2026-06-23 16:00:00,2026-06-23,16:00:00,35.81,35.81,35.81,35.81,705516.0,25264528.0,derived_from_1min,2026-08-26 20:05:40
600150.SH,2026-06-24 10:00:00,2026-06-24,10:00:00,35.81,36.44,35.6,36.27,25056920.0,903988316.0,derived_from_1min,2026-08-26 20:05:40
600150.SH,2026-06-24 11:00:00,2026-06-24,11:00:00,36.27,36.27,35.3,35.46,23576383.0,841911347.0,derived_from_1min,2026-08-26 20:05:40
600150.SH,2026-06-24 12:00:00,2026-06-24,12:00:00,35.46,35.64,35.36,35.62,5033449.0,178590897.0,derived_from_1min,2026-08-26 20:05:40
600150.SH,2026-06-24 14:00:00,2026-06-24,14:00:00,35.61,35.74,35.39,35.48,13907124.0,494413648.0,derived_from_1min,2026-08-26 20:05:40
600150.SH,2026-06-24 15:00:00,2026-06-24,15:00:00,35.48,35.48,35.35,35.37,16741250.0,592660540.0,derived_from_1min,2026-08-26 20:05:40
600150.SH,2026-06-24 16:00:00,2026-06-24,16:00:00,35.35,35.35,35.35,35.35,962140.0,34011650.0,derived_from_1min,2026-08-26 20:05:40
600150.SH,2026-06-25 10:00:00,2026-06-25,10:00:00,35.09,35.96,34.77,35.23,32078427.0,1134303069.0,derived_from_1min,2026-08-26 20:05:40
600150.SH,2026-06-25 11:00:00,2026-06-25,11:00:00,35.25,35.54,35.06,35.44,18053779.0,637283048.0,derived_from_1min,2026-08-26 20:05:40
600150.SH,2026-06-25 12:00:00,2026-06-25,12:00:00,35.44,35.82,35.4,35.63,7925223.0,282353772.0,derived_from_1min,2026-08-26 20:05:40
600150.SH,2026-06-25 14:00:00,2026-06-25,14:00:00,35.63,35.65,35.08,35.08,16256623.0,574400799.0,derived_from_1min,2026-08-26 20:05:40
600150.SH,2026-06-25 15:00:00,2026-06-25,15:00:00,35.07,35.36,35.06,35.34,17343765.0,611147173.0,derived_from_1min,2026-08-26 20:05:40
600150.SH,2026-06-25 16:00:00,2026-06-25,16:00:00,35.33,35.33,35.33,35.33,497944.0,17592360.0,derived_from_1min,2026-08-26 20:05:40
600150.SH,2026-06-26 10:00:00,2026-06-26,10:00:00,35.2,35.29,34.02,34.1,32729741.0,1129127126.0,derived_from_1min,2026-08-26 20:05:40
600150.SH,2026-06-26 11:00:00,2026-06-26,11:00:00,34.1,34.21,33.35,33.44,39425771.0,1332369289.0,derived_from_1min,2026-08-26 20:05:40
600150.SH,2026-06-26 12:00:00,2026-06-26,12:00:00,33.43,33.64,33.21,33.38,11779545.0,393737095.0,derived_from_1min,2026-08-26 20:05:40
600150.SH,2026-06-26 14:00:00,2026-06-26,14:00:00,33.38,33.89,33.32,33.78,16407794.0,550766074.0,derived_from_1min,2026-08-26 20:05:40
600150.SH,2026-06-26 15:00:00,2026-06-26,15:00:00,33.78,33.78,33.41,33.43,20134480.0,676310544.0,derived_from_1min,2026-08-26 20:05:40
600150.SH,2026-06-26 16:00:00,2026-06-26,16:00:00,33.4,33.4,33.4,33.4,1576802.0,52665184.0,derived_from_1min,2026-08-26 20:05:40
600150.SH,2026-06-29 10:00:00,2026-06-29,10:00:00,33.35,33.53,32.87,32.93,26335157.0,872081322.0,derived_from_1min,2026-08-26 20:05:40
600150.SH,2026-06-29 11:00:00,2026-06-29,11:00:00,32.9,33.61,32.89,33.57,24811307.0,825263309.0,derived_from_1min,2026-08-26 20:05:40
600150.SH,2026-06-29 12:00:00,2026-06-29,12:00:00,33.59,33.63,33.41,33.48,7384721.0,247581762.0,derived_from_1min,2026-08-26 20:05:40
600150.SH,2026-06-29 14:00:00,2026-06-29,14:00:00,33.5,33.89,33.22,33.74,16653691.0,557445407.0,derived_from_1min,2026-08-26 20:05:40
600150.SH,2026-06-29 15:00:00,2026-06-29,15:00:00,33.73,33.73,33.4,33.6,14575659.0,488852035.0,derived_from_1min,2026-08-26 20:05:40
600150.SH,2026-06-29 16:00:00,2026-06-29,16:00:00,33.59,33.59,33.59,33.59,724158.0,24324468.0,derived_from_1min,2026-08-26 20:05:40
600150.SH,2026-06-30 10:00:00,2026-06-30,10:00:00,33.3,33.5,32.86,33.05,24372100.0,806034760.0,derived_from_1min,2026-08-26 20:05:40
600150.SH,2026-06-30 11:00:00,2026-06-30,11:00:00,33.05,34.0,33.01,33.68,21607887.0,723445319.0,derived_from_1min,2026-08-26 20:05:40
600150.SH,2026-06-30 12:00:00,2026-06-30,12:00:00,33.68,34.36,33.62,34.26,14458032.0,492237239.0,derived_from_1min,2026-08-26 20:05:40
600150.SH,2026-06-30 14:00:00,2026-06-30,14:00:00,34.25,34.26,33.59,33.65,14897866.0,503486092.0,derived_from_1min,2026-08-26 20:05:40
600150.SH,2026-06-30 15:00:00,2026-06-30,15:00:00,33.64,33.81,33.55,33.79,12783225.0,430406361.0,derived_from_1min,2026-08-26 20:05:40
600150.SH,2026-06-30 16:00:00,2026-06-30,16:00:00,33.79,33.79,33.79,33.79,703000.0,23754370.0,derived_from_1min,2026-08-26 20:05:40
600150.SH,2026-07-01 10:00:00,2026-07-01,10:00:00,33.79,34.68,33.65,34.63,28940913.0,992832786.0,derived_from_1min,2026-08-26 20:05:40
600150.SH,2026-07-01 11:00:00,2026-07-01,11:00:00,34.62,35.68,34.33,35.37,42920463.0,1498286636.0,derived_from_1min,2026-08-26 20:05:40
600150.SH,2026-07-01 12:00:00,2026-07-01,12:00:00,35.36,35.44,35.03,35.2,9456525.0,333182097.0,derived_from_1min,2026-08-26 20:05:40
600150.SH,2026-07-01 14:00:00,2026-07-01,14:00:00,35.23,35.88,35.05,35.18,31466521.0,1115851159.0,derived_from_1min,2026-08-26 20:05:40
600150.SH,2026-07-01 15:00:00,2026-07-01,15:00:00,35.19,35.23,34.84,35.18,23052708.0,807824334.0,derived_from_1min,2026-08-26 20:05:40
600150.SH,2026-07-01 16:00:00,2026-07-01,16:00:00,35.19,35.19,35.19,35.19,983593.0,34612636.0,derived_from_1min,2026-08-26 20:05:40
600150.SH,2026-07-02 10:00:00,2026-07-02,10:00:00,35.23,36.23,35.19,35.35,40492507.0,1441784402.0,derived_from_1min,2026-08-26 20:05:40
600150.SH,2026-07-02 11:00:00,2026-07-02,11:00:00,35.36,35.37,34.79,34.88,22701529.0,795137055.0,derived_from_1min,2026-08-26 20:05:40
600150.SH,2026-07-02 12:00:00,2026-07-02,12:00:00,34.89,34.89,34.68,34.82,7050718.0,245030589.0,derived_from_1min,2026-08-26 20:05:40
600150.SH,2026-07-02 14:00:00,2026-07-02,14:00:00,34.83,34.88,34.53,34.53,15980954.0,554024563.0,derived_from_1min,2026-08-26 20:05:40
600150.SH,2026-07-02 15:00:00,2026-07-02,15:00:00,34.54,34.63,34.25,34.35,25436170.0,875902293.0,derived_from_1min,2026-08-26 20:05:40
600150.SH,2026-07-02 16:00:00,2026-07-02,16:00:00,34.36,34.36,34.36,34.36,782414.0,26883744.0,derived_from_1min,2026-08-26 20:05:40
600150.SH,2026-07-03 10:00:00,2026-07-03,10:00:00,34.8,36.33,34.8,35.67,54594490.0,1947616351.0,derived_from_1min,2026-08-26 20:05:40
600150.SH,2026-07-03 11:00:00,2026-07-03,11:00:00,35.67,36.07,35.35,35.89,23864631.0,852121435.0,derived_from_1min,2026-08-26 20:05:40
600150.SH,2026-07-03 12:00:00,2026-07-03,12:00:00,35.9,36.0,35.77,35.89,7260827.0,260545056.0,derived_from_1min,2026-08-26 20:05:40
600150.SH,2026-07-03 14:00:00,2026-07-03,14:00:00,35.89,36.97,35.89,36.9,53606031.0,1954549354.0,derived_from_1min,2026-08-26 20:05:40
600150.SH,2026-07-03 15:00:00,2026-07-03,15:00:00,36.9,37.66,36.87,37.19,47463687.0,1770705836.0,derived_from_1min,2026-08-26 20:05:40
600150.SH,2026-07-03 16:00:00,2026-07-03,16:00:00,37.15,37.15,37.15,37.15,1361787.0,50590388.0,derived_from_1min,2026-08-26 20:05:40
600150.SH,2026-07-06 10:00:00,2026-07-06,10:00:00,36.95,38.09,36.95,37.86,57211055.0,2159331938.0,derived_from_1min,2026-08-26 20:05:40
600150.SH,2026-07-06 11:00:00,2026-07-06,11:00:00,37.88,38.0,37.42,37.62,35561787.0,1341392261.0,derived_from_1min,2026-08-26 20:05:40
600150.SH,2026-07-06 12:00:00,2026-07-06,12:00:00,37.63,37.75,37.4,37.51,9503070.0,356747556.0,derived_from_1min,2026-08-26 20:05:40
600150.SH,2026-07-06 14:00:00,2026-07-06,14:00:00,37.52,37.93,37.3,37.9,23985212.0,903305333.0,derived_from_1min,2026-08-26 20:05:40
600150.SH,2026-07-06 15:00:00,2026-07-06,15:00:00,37.88,37.95,37.55,37.64,24790465.0,935165274.0,derived_from_1min,2026-08-26 20:05:40
600150.SH,2026-07-06 16:00:00,2026-07-06,16:00:00,37.64,37.64,37.64,37.64,1051363.0,39573304.0,derived_from_1min,2026-08-26 20:05:40
600150.SH,2026-07-07 10:00:00,2026-07-07,10:00:00,37.64,38.18,37.24,37.24,32017710.0,1205447164.0,derived_from_1min,2026-08-26 20:05:40
600150.SH,2026-07-07 11:00:00,2026-07-07,11:00:00,37.24,37.55,37.02,37.03,21314881.0,793493374.0,derived_from_1min,2026-08-26 20:05:40
600150.SH,2026-07-07 12:00:00,2026-07-07,12:00:00,37.02,37.24,36.95,37.21,8332818.0,308727466.0,derived_from_1min,2026-08-26 20:05:40
600150.SH,2026-07-07 14:00:00,2026-07-07,14:00:00,37.2,37.69,37.04,37.18,17511438.0,654079518.0,derived_from_1min,2026-08-26 20:05:40
600150.SH,2026-07-07 15:00:00,2026-07-07,15:00:00,37.19,37.45,37.03,37.33,16978746.0,631958287.0,derived_from_1min,2026-08-26 20:05:40
600150.SH,2026-07-07 16:00:00,2026-07-07,16:00:00,37.33,37.33,37.33,37.33,1350100.0,50399230.0,derived_from_1min,2026-08-26 20:05:40
600150.SH,2026-07-08 10:00:00,2026-07-08,10:00:00,37.32,37.32,35.46,35.94,59207972.0,2139252550.0,derived_from_1min,2026-08-26 20:05:40
600150.SH,2026-07-08 11:00:00,2026-07-08,11:00:00,35.96,37.14,35.85,36.8,33686914.0,1230600187.0,derived_from_1min,2026-08-26 20:05:40
600150.SH,2026-07-08 12:00:00,2026-07-08,12:00:00,36.81,36.99,36.71,36.93,5895114.0,217323089.0,derived_from_1min,2026-08-26 20:05:40
600150.SH,2026-07-08 14:00:00,2026-07-08,14:00:00,36.91,36.91,36.28,36.5,15023383.0,549068671.0,derived_from_1min,2026-08-26 20:05:40
600150.SH,2026-07-08 15:00:00,2026-07-08,15:00:00,36.51,36.54,35.81,35.93,23484432.0,849318328.0,derived_from_1min,2026-08-26 20:05:40
600150.SH,2026-07-08 16:00:00,2026-07-08,16:00:00,35.98,35.98,35.98,35.98,839074.0,30189882.0,derived_from_1min,2026-08-26 20:05:40
600150.SH,2026-07-09 10:00:00,2026-07-09,10:00:00,35.99,36.63,35.1,35.63,39281091.0,1401765203.0,derived_from_1min,2026-08-26 20:05:40
600150.SH,2026-07-09 11:00:00,2026-07-09,11:00:00,35.59,36.0,35.3,35.3,20904323.0,744552806.0,derived_from_1min,2026-08-26 20:05:40
600150.SH,2026-07-09 12:00:00,2026-07-09,12:00:00,35.31,35.38,35.0,35.32,13021573.0,457952835.0,derived_from_1min,2026-08-26 20:05:40
600150.SH,2026-07-09 14:00:00,2026-07-09,14:00:00,35.3,35.63,35.06,35.62,17059902.0,602992438.0,derived_from_1min,2026-08-26 20:05:40
600150.SH,2026-07-09 15:00:00,2026-07-09,15:00:00,35.61,36.06,35.47,36.01,23186872.0,829812787.0,derived_from_1min,2026-08-26 20:05:40
600150.SH,2026-07-09 16:00:00,2026-07-09,16:00:00,36.06,36.06,36.06,36.06,1225644.0,44196724.0,derived_from_1min,2026-08-26 20:05:40
600150.SH,2026-07-10 10:00:00,2026-07-10,10:00:00,36.0,37.1,35.73,36.86,47429280.0,1735669561.0,derived_from_1min,2026-08-26 20:05:40
600150.SH,2026-07-10 11:00:00,2026-07-10,11:00:00,36.81,37.96,36.66,37.44,50867389.0,1906504718.0,derived_from_1min,2026-08-26 20:05:40
600150.SH,2026-07-10 12:00:00,2026-07-10,12:00:00,37.44,37.94,37.35,37.83,12397856.0,467622039.0,derived_from_1min,2026-08-26 20:05:40
600150.SH,2026-07-10 14:00:00,2026-07-10,14:00:00,37.87,38.26,37.03,37.03,45092979.0,1697891450.0,derived_from_1min,2026-08-26 20:05:40
600150.SH,2026-07-10 15:00:00,2026-07-10,15:00:00,37.04,37.18,36.89,37.01,36687292.0,1358831759.0,derived_from_1min,2026-08-26 20:05:40
600150.SH,2026-07-10 16:00:00,2026-07-10,16:00:00,37.04,37.04,37.04,37.04,2192499.0,81210160.0,derived_from_1min,2026-08-26 20:05:40
600150.SH,2026-07-13 10:00:00,2026-07-13,10:00:00,36.94,36.94,34.01,34.03,98409172.0,3444663628.0,derived_from_1min,2026-08-26 20:05:40
600150.SH,2026-07-13 11:00:00,2026-07-13,11:00:00,34.02,34.47,33.93,34.09,48882719.0,1668071194.0,derived_from_1min,2026-08-26 20:05:40
600150.SH,2026-07-13 12:00:00,2026-07-13,12:00:00,34.09,34.11,33.92,34.0,16375124.0,556694853.0,derived_from_1min,2026-08-26 20:05:40
600150.SH,2026-07-13 14:00:00,2026-07-13,14:00:00,34.0,34.61,33.77,34.42,29048685.0,991548440.0,derived_from_1min,2026-08-26 20:05:40
600150.SH,2026-07-13 15:00:00,2026-07-13,15:00:00,34.4,34.48,34.11,34.21,22660285.0,775758169.0,derived_from_1min,2026-08-26 20:05:40
600150.SH,2026-07-13 16:00:00,2026-07-13,16:00:00,34.21,34.21,34.21,34.21,1224934.0,41904990.0,derived_from_1min,2026-08-26 20:05:40
600150.SH,2026-07-14 10:00:00,2026-07-14,10:00:00,34.16,34.42,33.66,34.34,38775714.0,1322253925.0,derived_from_1min,2026-08-26 20:05:40
600150.SH,2026-07-14 11:00:00,2026-07-14,11:00:00,34.33,34.68,33.33,33.34,50013628.0,1697445406.0,derived_from_1min,2026-08-26 20:05:40
600150.SH,2026-07-14 12:00:00,2026-07-14,12:00:00,33.34,33.43,33.08,33.37,18215638.0,605713690.0,derived_from_1min,2026-08-26 20:05:40
600150.SH,2026-07-14 14:00:00,2026-07-14,14:00:00,33.36,33.9,33.36,33.6,22408474.0,753189659.0,derived_from_1min,2026-08-26 20:05:40
600150.SH,2026-07-14 15:00:00,2026-07-14,15:00:00,33.59,33.77,33.45,33.75,20540324.0,691298220.0,derived_from_1min,2026-08-26 20:05:40
600150.SH,2026-07-14 16:00:00,2026-07-14,16:00:00,33.77,33.77,33.77,33.77,885300.0,29896580.0,derived_from_1min,2026-08-26 20:05:40
600150.SH,2026-07-15 10:00:00,2026-07-15,10:00:00,33.55,34.29,33.33,34.2,29475780.0,996831230.0,derived_from_1min,2026-08-26 20:05:40
600150.SH,2026-07-15 11:00:00,2026-07-15,11:00:00,34.19,34.38,33.95,34.01,24762186.0,846346347.0,derived_from_1min,2026-08-26 20:05:40
600150.SH,2026-07-15 12:00:00,2026-07-15,12:00:00,34.0,34.02,33.8,34.0,8223160.0,278741458.0,derived_from_1min,2026-08-26 20:05:40
600150.SH,2026-07-15 14:00:00,2026-07-15,14:00:00,34.0,34.29,33.79,34.08,15462228.0,526383580.0,derived_from_1min,2026-08-26 20:05:40
600150.SH,2026-07-15 15:00:00,2026-07-15,15:00:00,34.07,34.37,34.06,34.3,20449640.0,700321493.0,derived_from_1min,2026-08-26 20:05:40
600150.SH,2026-07-15 16:00:00,2026-07-15,16:00:00,34.31,34.31,34.31,34.31,1148300.0,39398172.0,derived_from_1min,2026-08-26 20:05:40
600150.SH,2026-07-16 10:00:00,2026-07-16,10:00:00,34.01,34.05,33.33,33.47,32099829.0,1078789481.0,derived_from_1min,2026-08-26 20:05:40
600150.SH,2026-07-16 11:00:00,2026-07-16,11:00:00,33.45,33.58,33.36,33.4,24122197.0,806858613.0,derived_from_1min,2026-08-26 20:05:40
600150.SH,2026-07-16 12:00:00,2026-07-16,12:00:00,33.4,33.45,33.33,33.39,8924077.0,297784875.0,derived_from_1min,2026-08-26 20:05:40
600150.SH,2026-07-16 14:00:00,2026-07-16,14:00:00,33.39,33.39,33.08,33.21,27053648.0,898257803.0,derived_from_1min,2026-08-26 20:05:40
600150.SH,2026-07-16 15:00:00,2026-07-16,15:00:00,33.22,33.23,32.95,33.0,29070639.0,960043859.0,derived_from_1min,2026-08-26 20:05:40
600150.SH,2026-07-16 16:00:00,2026-07-16,16:00:00,33.0,33.0,33.0,33.0,879240.0,29014920.0,derived_from_1min,2026-08-26 20:05:40
600150.SH,2026-07-17 10:00:00,2026-07-17,10:00:00,32.69,32.8,32.2,32.43,30357192.0,983734985.0,derived_from_1min,2026-08-26 20:05:40
600150.SH,2026-07-17 11:00:00,2026-07-17,11:00:00,32.43,32.57,32.24,32.32,15233590.0,493491127.0,derived_from_1min,2026-08-26 20:05:40
600150.SH,2026-07-17 12:00:00,2026-07-17,12:00:00,32.32,32.88,32.3,32.69,8958010.0,292730946.0,derived_from_1min,2026-08-26 20:05:40
600150.SH,2026-07-17 14:00:00,2026-07-17,14:00:00,32.69,32.69,32.12,32.44,19501951.0,631393090.0,derived_from_1min,2026-08-26 20:05:40
600150.SH,2026-07-17 15:00:00,2026-07-17,15:00:00,32.45,32.8,32.34,32.34,18926942.0,616875307.0,derived_from_1min,2026-08-26 20:05:40
600150.SH,2026-07-17 16:00:00,2026-07-17,16:00:00,32.34,32.34,32.34,32.34,978146.0,31633242.0,derived_from_1min,2026-08-26 20:05:40
600150.SH,2026-07-20 10:00:00,2026-07-20,10:00:00,32.28,32.89,32.1,32.81,29209077.0,950020240.0,derived_from_1min,2026-08-26 20:05:40
600150.SH,2026-07-20 11:00:00,2026-07-20,11:00:00,32.81,32.96,32.65,32.93,20714850.0,679834784.0,derived_from_1min,2026-08-26 20:05:40
600150.SH,2026-07-20 12:00:00,2026-07-20,12:00:00,32.92,32.97,32.72,32.77,5456285.0,179226135.0,derived_from_1min,2026-08-26 20:05:40
600150.SH,2026-07-20 14:00:00,2026-07-20,14:00:00,32.78,33.16,32.64,32.68,23624655.0,778082214.0,derived_from_1min,2026-08-26 20:05:40
600150.SH,2026-07-20 15:00:00,2026-07-20,15:00:00,32.69,32.98,32.65,32.84,19132302.0,628267911.0,derived_from_1min,2026-08-26 20:05:40
600150.SH,2026-07-20 16:00:00,2026-07-20,16:00:00,33.01,33.01,33.01,33.01,1761600.0,58150416.0,derived_from_1min,2026-08-26 20:05:40
600150.SH,2026-07-21 10:00:00,2026-07-21,10:00:00,33.7,33.7,32.9,33.05,23311166.0,773598227.0,derived_from_1min,2026-08-26 20:05:40
600150.SH,2026-07-21 11:00:00,2026-07-21,11:00:00,33.08,33.16,32.67,32.76,25542022.0,841203864.0,derived_from_1min,2026-08-26 20:05:40
600150.SH,2026-07-21 12:00:00,2026-07-21,12:00:00,32.77,32.79,32.54,32.63,13460892.0,439461388.0,derived_from_1min,2026-08-26 20:05:40
600150.SH,2026-07-21 14:00:00,2026-07-21,14:00:00,32.6,33.04,32.55,32.91,14309144.0,469466357.0,derived_from_1min,2026-08-26 20:05:40
600150.SH,2026-07-21 15:00:00,2026-07-21,15:00:00,32.92,33.0,32.85,32.96,15815545.0,520760765.0,derived_from_1min,2026-08-26 20:05:40
600150.SH,2026-07-21 16:00:00,2026-07-21,16:00:00,32.96,32.96,32.96,32.96,841300.0,27729248.0,derived_from_1min,2026-08-26 20:05:40
600150.SH,2026-07-22 10:00:00,2026-07-22,10:00:00,32.88,33.68,32.67,33.66,35594368.0,1178826099.0,derived_from_1min,2026-08-26 20:05:40
600150.SH,2026-07-22 11:00:00,2026-07-22,11:00:00,33.66,33.8,33.43,33.43,30314572.0,1019951010.0,derived_from_1min,2026-08-26 20:05:40
600150.SH,2026-07-22 12:00:00,2026-07-22,12:00:00,33.41,33.48,33.23,33.32,8492393.0,283009225.0,derived_from_1min,2026-08-26 20:05:40
600150.SH,2026-07-22 14:00:00,2026-07-22,14:00:00,33.32,33.32,33.01,33.02,14948248.0,495551599.0,derived_from_1min,2026-08-26 20:05:40
600150.SH,2026-07-22 15:00:00,2026-07-22,15:00:00,33.01,33.09,32.88,32.99,17776228.0,585938233.0,derived_from_1min,2026-08-26 20:05:40
600150.SH,2026-07-22 16:00:00,2026-07-22,16:00:00,33.02,33.02,33.02,33.02,1244000.0,41076880.0,derived_from_1min,2026-08-26 20:05:40
600150.SH,2026-07-23 10:00:00,2026-07-23,10:00:00,33.27,33.35,32.68,32.79,24852667.0,817267780.0,derived_from_1min,2026-08-26 20:05:40
600150.SH,2026-07-23 11:00:00,2026-07-23,11:00:00,32.81,33.62,32.75,33.53,32372617.0,1078049149.0,derived_from_1min,2026-08-26 20:05:40
600150.SH,2026-07-23 12:00:00,2026-07-23,12:00:00,33.52,33.54,33.38,33.42,7236824.0,242199219.0,derived_from_1min,2026-08-26 20:05:40
600150.SH,2026-07-23 14:00:00,2026-07-23,14:00:00,33.42,33.87,33.38,33.7,24936156.0,839301093.0,derived_from_1min,2026-08-26 20:05:40
600150.SH,2026-07-23 15:00:00,2026-07-23,15:00:00,33.7,33.76,33.65,33.76,15799812.0,532552416.0,derived_from_1min,2026-08-26 20:05:40
600150.SH,2026-07-23 16:00:00,2026-07-23,16:00:00,33.76,33.76,33.76,33.76,1496800.0,50531970.0,derived_from_1min,2026-08-26 20:05:40
600150.SH,2026-07-24 10:00:00,2026-07-24,10:00:00,33.7,33.87,33.37,33.55,23321306.0,783338347.0,derived_from_1min,2026-08-26 20:05:40
600150.SH,2026-07-24 11:00:00,2026-07-24,11:00:00,33.55,33.64,33.41,33.46,12476455.0,418080413.0,derived_from_1min,2026-08-26 20:05:40
600150.SH,2026-07-24 12:00:00,2026-07-24,12:00:00,33.45,33.53,33.41,33.46,4803217.0,160672089.0,derived_from_1min,2026-08-26 20:05:40
600150.SH,2026-07-24 14:00:00,2026-07-24,14:00:00,33.47,33.51,33.18,33.2,15044171.0,501464153.0,derived_from_1min,2026-08-26 20:05:40
600150.SH,2026-07-24 15:00:00,2026-07-24,15:00:00,33.21,33.29,32.93,33.03,22411297.0,742294779.0,derived_from_1min,2026-08-26 20:05:40
600150.SH,2026-07-24 16:00:00,2026-07-24,16:00:00,33.06,33.06,33.06,33.06,1395800.0,46145148.0,derived_from_1min,2026-08-26 20:05:40
600150.SH,2026-07-27 10:00:00,2026-07-27,10:00:00,33.3,33.55,32.95,33.16,21010893.0,698176511.0,derived_from_1min,2026-08-26 20:05:40
600150.SH,2026-07-27 11:00:00,2026-07-27,11:00:00,33.15,33.44,33.14,33.3,12664524.0,421910080.0,derived_from_1min,2026-08-26 20:05:40
600150.SH,2026-07-27 12:00:00,2026-07-27,12:00:00,33.32,33.34,33.16,33.22,3963812.0,131704286.0,derived_from_1min,2026-08-26 20:05:40
600150.SH,2026-07-27 14:00:00,2026-07-27,14:00:00,33.22,33.4,33.19,33.34,8804161.0,293157708.0,derived_from_1min,2026-08-26 20:05:40
600150.SH,2026-07-27 15:00:00,2026-07-27,15:00:00,33.35,33.53,33.34,33.53,14964057.0,500622545.0,derived_from_1min,2026-08-26 20:05:40
600150.SH,2026-07-27 16:00:00,2026-07-27,16:00:00,33.53,33.53,33.53,33.53,750145.0,25152362.0,derived_from_1min,2026-08-26 20:05:40
600150.SH,2026-07-28 10:00:00,2026-07-28,10:00:00,33.12,33.86,33.07,33.39,26136687.0,872821638.0,derived_from_1min,2026-08-26 20:05:40
600150.SH,2026-07-28 11:00:00,2026-07-28,11:00:00,33.38,33.4,32.91,33.01,20864307.0,689974086.0,derived_from_1min,2026-08-26 20:05:40
600150.SH,2026-07-28 12:00:00,2026-07-28,12:00:00,33.01,33.52,32.97,33.38,10335417.0,344382198.0,derived_from_1min,2026-08-26 20:05:40
600150.SH,2026-07-28 14:00:00,2026-07-28,14:00:00,33.37,33.54,33.27,33.49,11192935.0,374015563.0,derived_from_1min,2026-08-26 20:05:40
600150.SH,2026-07-28 15:00:00,2026-07-28,15:00:00,33.5,33.53,33.33,33.48,14626033.0,489127103.0,derived_from_1min,2026-08-26 20:05:40
600150.SH,2026-07-28 16:00:00,2026-07-28,16:00:00,33.49,33.49,33.49,33.49,1888100.0,63232468.0,derived_from_1min,2026-08-26 20:05:40
600150.SH,2026-07-29 10:00:00,2026-07-29,10:00:00,33.9,34.2,33.69,33.72,31662335.0,1074510198.0,derived_from_1min,2026-08-26 20:05:40
600150.SH,2026-07-29 11:00:00,2026-07-29,11:00:00,33.75,34.62,33.71,34.62,42956542.0,1469053772.0,derived_from_1min,2026-08-26 20:05:40
600150.SH,2026-07-29 12:00:00,2026-07-29,12:00:00,34.62,34.88,34.55,34.74,19517531.0,677649734.0,derived_from_1min,2026-08-26 20:05:40
600150.SH,2026-07-29 14:00:00,2026-07-29,14:00:00,34.73,34.96,34.5,34.77,22335533.0,775650973.0,derived_from_1min,2026-08-26 20:05:40
600150.SH,2026-07-29 15:00:00,2026-07-29,15:00:00,34.77,34.79,34.61,34.75,19202275.0,666297654.0,derived_from_1min,2026-08-26 20:05:40
600150.SH,2026-07-29 16:00:00,2026-07-29,16:00:00,34.73,34.73,34.73,34.73,1096087.0,38067100.0,derived_from_1min,2026-08-26 20:05:40
600150.SH,2026-07-30 10:00:00,2026-07-30,10:00:00,34.63,34.73,34.38,34.58,23935144.0,826340935.0,derived_from_1min,2026-08-26 20:05:40
600150.SH,2026-07-30 11:00:00,2026-07-30,11:00:00,34.58,34.64,34.32,34.38,20681647.0,712778335.0,derived_from_1min,2026-08-26 20:05:40
600150.SH,2026-07-30 12:00:00,2026-07-30,12:00:00,34.38,34.59,34.36,34.51,5596486.0,193109746.0,derived_from_1min,2026-08-26 20:05:40
600150.SH,2026-07-30 14:00:00,2026-07-30,14:00:00,34.49,34.66,34.35,34.55,12951231.0,446549467.0,derived_from_1min,2026-08-26 20:05:40
600150.SH,2026-07-30 15:00:00,2026-07-30,15:00:00,34.54,34.63,34.44,34.45,12878251.0,444717254.0,derived_from_1min,2026-08-26 20:05:40
600150.SH,2026-07-30 16:00:00,2026-07-30,16:00:00,34.63,34.63,34.63,34.63,1964800.0,68041020.0,derived_from_1min,2026-08-26 20:05:40
600150.SH,2026-07-31 10:00:00,2026-07-31,10:00:00,34.33,34.9,34.2,34.84,29582703.0,1026238890.0,derived_from_1min,2026-08-26 20:05:40
600150.SH,2026-07-31 11:00:00,2026-07-31,11:00:00,34.84,35.21,34.74,34.84,26169855.0,914694731.0,derived_from_1min,2026-08-26 20:05:40
600150.SH,2026-07-31 12:00:00,2026-07-31,12:00:00,34.85,34.91,34.77,34.83,4383228.0,152798228.0,derived_from_1min,2026-08-26 20:05:40
600150.SH,2026-07-31 14:00:00,2026-07-31,14:00:00,34.91,35.15,34.83,35.14,16941429.0,592859164.0,derived_from_1min,2026-08-26 20:05:40
600150.SH,2026-07-31 15:00:00,2026-07-31,15:00:00,35.14,35.26,35.04,35.16,20222859.0,711144982.0,derived_from_1min,2026-08-26 20:05:40
600150.SH,2026-07-31 16:00:00,2026-07-31,16:00:00,35.18,35.18,35.18,35.18,1041000.0,36622380.0,derived_from_1min,2026-08-26 20:05:40
600150.SH,2026-08-03 10:00:00,2026-08-03,10:00:00,35.02,35.1,34.65,34.89,22126317.0,770537924.0,derived_from_1min,2026-08-26 20:05:40
600150.SH,2026-08-03 11:00:00,2026-08-03,11:00:00,34.9,34.99,34.76,34.83,11917408.0,415775359.0,derived_from_1min,2026-08-26 20:05:40
600150.SH,2026-08-03 12:00:00,2026-08-03,12:00:00,34.82,34.84,34.72,34.74,4567861.0,158822997.0,derived_from_1min,2026-08-26 20:05:40
600150.SH,2026-08-03 14:00:00,2026-08-03,14:00:00,34.74,34.96,34.62,34.9,10326027.0,359306477.0,derived_from_1min,2026-08-26 20:05:40
600150.SH,2026-08-03 15:00:00,2026-08-03,15:00:00,34.9,35.18,34.87,35.04,14815834.0,519048459.0,derived_from_1min,2026-08-26 20:05:40
600150.SH,2026-08-03 16:00:00,2026-08-03,16:00:00,35.1,35.1,35.1,35.1,1015400.0,35640540.0,derived_from_1min,2026-08-26 20:05:40
600150.SH,2026-08-04 10:00:00,2026-08-04,10:00:00,34.93,35.05,34.4,34.46,24699533.0,855775772.0,derived_from_1min,2026-08-26 20:05:40
600150.SH,2026-08-04 11:00:00,2026-08-04,11:00:00,34.47,34.69,34.46,34.54,14099511.0,487327940.0,derived_from_1min,2026-08-26 20:05:40
600150.SH,2026-08-04 12:00:00,2026-08-04,12:00:00,34.54,34.69,34.53,34.68,4269624.0,147855141.0,derived_from_1min,2026-08-26 20:05:40
600150.SH,2026-08-04 14:00:00,2026-08-04,14:00:00,34.67,34.7,34.54,34.59,12195631.0,422119776.0,derived_from_1min,2026-08-26 20:05:40
600150.SH,2026-08-04 15:00:00,2026-08-04,15:00:00,34.59,34.61,34.44,34.48,19173771.0,661635001.0,derived_from_1min,2026-08-26 20:05:40
600150.SH,2026-08-04 16:00:00,2026-08-04,16:00:00,34.48,34.48,34.48,34.48,977342.0,33698750.0,derived_from_1min,2026-08-26 20:05:40
600150.SH,2026-08-05 10:00:00,2026-08-05,10:00:00,34.59,34.6,34.2,34.45,18074816.0,621713824.0,derived_from_1min,2026-08-26 20:05:40
600150.SH,2026-08-05 11:00:00,2026-08-05,11:00:00,34.45,35.11,34.43,35.05,31137370.0,1084409779.0,derived_from_1min,2026-08-26 20:05:40
600150.SH,2026-08-05 12:00:00,2026-08-05,12:00:00,35.07,35.08,34.95,35.05,6622693.0,231938075.0,derived_from_1min,2026-08-26 20:05:40
600150.SH,2026-08-05 14:00:00,2026-08-05,14:00:00,35.05,35.3,34.91,35.21,21994692.0,773017289.0,derived_from_1min,2026-08-26 20:05:40
600150.SH,2026-08-05 15:00:00,2026-08-05,15:00:00,35.21,35.36,35.11,35.22,20014022.0,704365079.0,derived_from_1min,2026-08-26 20:05:40
600150.SH,2026-08-05 16:00:00,2026-08-05,16:00:00,35.2,35.2,35.2,35.2,1502797.0,52898456.0,derived_from_1min,2026-08-26 20:05:40
600150.SH,2026-08-06 10:00:00,2026-08-06,10:00:00,34.9,35.12,34.83,34.9,15506837.0,541709636.0,derived_from_1min,2026-08-26 20:05:40
600150.SH,2026-08-06 11:00:00,2026-08-06,11:00:00,34.9,34.97,34.63,34.67,21532815.0,749281034.0,derived_from_1min,2026-08-26 20:05:40
600150.SH,2026-08-06 12:00:00,2026-08-06,12:00:00,34.66,34.73,34.54,34.6,9276843.0,321072141.0,derived_from_1min,2026-08-26 20:05:40
600150.SH,2026-08-06 14:00:00,2026-08-06,14:00:00,34.6,34.9,34.6,34.7,8362095.0,290319767.0,derived_from_1min,2026-08-26 20:05:40
600150.SH,2026-08-06 15:00:00,2026-08-06,15:00:00,34.7,34.91,34.68,34.82,12071655.0,420327245.0,derived_from_1min,2026-08-26 20:05:40
600150.SH,2026-08-06 16:00:00,2026-08-06,16:00:00,34.9,34.9,34.9,34.9,1050299.0,36655436.0,derived_from_1min,2026-08-26 20:05:40
600150.SH,2026-08-07 10:00:00,2026-08-07,10:00:00,34.9,35.35,34.68,35.18,26152695.0,919591438.0,derived_from_1min,2026-08-26 20:05:40
600150.SH,2026-08-07 11:00:00,2026-08-07,11:00:00,35.18,35.21,34.92,34.93,18292379.0,641219775.0,derived_from_1min,2026-08-26 20:05:40
600150.SH,2026-08-07 12:00:00,2026-08-07,12:00:00,34.92,35.07,34.91,34.96,5774000.0,201947689.0,derived_from_1min,2026-08-26 20:05:40
600150.SH,2026-08-07 14:00:00,2026-08-07,14:00:00,34.97,35.03,34.58,34.8,26194601.0,911002983.0,derived_from_1min,2026-08-26 20:05:40
600150.SH,2026-08-07 15:00:00,2026-08-07,15:00:00,34.8,34.98,34.74,34.85,18243820.0,635640711.0,derived_from_1min,2026-08-26 20:05:40
600150.SH,2026-08-07 16:00:00,2026-08-07,16:00:00,34.85,34.85,34.85,34.85,887800.0,30939830.0,derived_from_1min,2026-08-26 20:05:40
600150.SH,2026-08-10 10:00:00,2026-08-10,10:00:00,34.77,35.28,34.7,35.06,27006016.0,946626700.0,derived_from_1min,2026-08-26 20:05:40
600150.SH,2026-08-10 11:00:00,2026-08-10,11:00:00,35.06,35.08,34.75,34.77,16379342.0,571928637.0,derived_from_1min,2026-08-26 20:05:40
600150.SH,2026-08-10 12:00:00,2026-08-10,12:00:00,34.77,34.89,34.73,34.75,5700924.0,198310324.0,derived_from_1min,2026-08-26 20:05:40
600150.SH,2026-08-10 14:00:00,2026-08-10,14:00:00,34.76,34.84,34.65,34.75,10661442.0,370294871.0,derived_from_1min,2026-08-26 20:05:40
600150.SH,2026-08-10 15:00:00,2026-08-10,15:00:00,34.75,34.9,34.63,34.84,20632582.0,717709270.0,derived_from_1min,2026-08-26 20:05:40
600150.SH,2026-08-10 16:00:00,2026-08-10,16:00:00,34.83,34.83,34.83,34.83,1451400.0,50552264.0,derived_from_1min,2026-08-26 20:05:40
600150.SH,2026-08-11 10:00:00,2026-08-11,10:00:00,34.8,35.03,34.28,34.89,25169322.0,871490353.0,derived_from_1min,2026-08-26 20:05:40
600150.SH,2026-08-11 11:00:00,2026-08-11,11:00:00,34.9,34.97,34.68,34.72,15794579.0,549777889.0,derived_from_1min,2026-08-26 20:05:40
600150.SH,2026-08-11 12:00:00,2026-08-11,12:00:00,34.74,34.75,34.52,34.56,6977651.0,241409113.0,derived_from_1min,2026-08-26 20:05:40
600150.SH,2026-08-11 14:00:00,2026-08-11,14:00:00,34.56,34.56,34.24,34.28,21244351.0,730162166.0,derived_from_1min,2026-08-26 20:05:40
600150.SH,2026-08-11 15:00:00,2026-08-11,15:00:00,34.28,34.3,33.96,33.97,29716104.0,1012766357.0,derived_from_1min,2026-08-26 20:05:40
600150.SH,2026-08-11 16:00:00,2026-08-11,16:00:00,33.97,33.97,33.97,33.97,1195009.0,40594456.0,derived_from_1min,2026-08-26 20:05:40
600150.SH,2026-08-12 10:00:00,2026-08-12,10:00:00,33.76,33.9,33.51,33.83,19381304.0,652714692.0,derived_from_1min,2026-08-26 20:05:40
600150.SH,2026-08-12 11:00:00,2026-08-12,11:00:00,33.83,33.87,33.56,33.7,15630336.0,526195048.0,derived_from_1min,2026-08-26 20:05:40
600150.SH,2026-08-12 12:00:00,2026-08-12,12:00:00,33.7,33.83,33.67,33.82,4330964.0,146195809.0,derived_from_1min,2026-08-26 20:05:40
600150.SH,2026-08-12 14:00:00,2026-08-12,14:00:00,33.82,33.89,33.66,33.88,10100559.0,341265025.0,derived_from_1min,2026-08-26 20:05:40
600150.SH,2026-08-12 15:00:00,2026-08-12,15:00:00,33.89,33.94,33.85,33.9,11751263.0,398170791.0,derived_from_1min,2026-08-26 20:05:40
600150.SH,2026-08-12 16:00:00,2026-08-12,16:00:00,33.89,33.89,33.89,33.89,641800.0,21750602.0,derived_from_1min,2026-08-26 20:05:40
600150.SH,2026-08-13 10:00:00,2026-08-13,10:00:00,33.88,34.05,33.74,34.0,13283995.0,449992079.0,derived_from_1min,2026-08-26 20:05:40
600150.SH,2026-08-13 11:00:00,2026-08-13,11:00:00,34.0,34.17,33.86,33.93,15511967.0,527408355.0,derived_from_1min,2026-08-26 20:05:40
600150.SH,2026-08-13 12:00:00,2026-08-13,12:00:00,33.93,34.09,33.9,34.05,5576196.0,189681007.0,derived_from_1min,2026-08-26 20:05:40
600150.SH,2026-08-13 14:00:00,2026-08-13,14:00:00,34.05,34.3,33.97,34.05,15076636.0,514613079.0,derived_from_1min,2026-08-26 20:05:40
600150.SH,2026-08-13 15:00:00,2026-08-13,15:00:00,34.05,34.05,33.75,33.78,15399345.0,521654068.0,derived_from_1min,2026-08-26 20:05:40
600150.SH,2026-08-13 16:00:00,2026-08-13,16:00:00,33.78,33.78,33.78,33.78,587716.0,19853046.0,derived_from_1min,2026-08-26 20:05:40
600150.SH,2026-08-14 10:00:00,2026-08-14,10:00:00,33.75,34.13,33.48,33.98,20680817.0,698262231.0,derived_from_1min,2026-08-26 20:05:40
600150.SH,2026-08-14 11:00:00,2026-08-14,11:00:00,33.98,34.19,33.56,33.61,16259155.0,550951794.0,derived_from_1min,2026-08-26 20:05:40
600150.SH,2026-08-14 12:00:00,2026-08-14,12:00:00,33.61,33.67,33.53,33.61,4826477.0,162123912.0,derived_from_1min,2026-08-26 20:05:40
600150.SH,2026-08-14 14:00:00,2026-08-14,14:00:00,33.6,33.62,33.33,33.48,16527974.0,552730493.0,derived_from_1min,2026-08-26 20:05:40
600150.SH,2026-08-14 15:00:00,2026-08-14,15:00:00,33.49,33.51,33.38,33.45,12905117.0,431293980.0,derived_from_1min,2026-08-26 20:05:40
600150.SH,2026-08-14 16:00:00,2026-08-14,16:00:00,33.42,33.42,33.42,33.42,678715.0,22682656.0,derived_from_1min,2026-08-26 20:05:40
600150.SH,2026-08-17 10:00:00,2026-08-17,10:00:00,33.31,33.51,33.1,33.48,15878993.0,528286000.0,derived_from_1min,2026-08-26 20:05:40
600150.SH,2026-08-17 11:00:00,2026-08-17,11:00:00,33.49,33.61,33.37,33.59,11940311.0,399718350.0,derived_from_1min,2026-08-26 20:05:40
600150.SH,2026-08-17 12:00:00,2026-08-17,12:00:00,33.6,33.83,33.58,33.62,8445726.0,284466551.0,derived_from_1min,2026-08-26 20:05:40
600150.SH,2026-08-17 14:00:00,2026-08-17,14:00:00,33.62,33.65,33.48,33.52,8831778.0,296309893.0,derived_from_1min,2026-08-26 20:05:40
600150.SH,2026-08-17 15:00:00,2026-08-17,15:00:00,33.52,33.67,33.5,33.65,11557381.0,388249317.0,derived_from_1min,2026-08-26 20:05:40
600150.SH,2026-08-17 16:00:00,2026-08-17,16:00:00,33.65,33.65,33.65,33.65,662000.0,22276300.0,derived_from_1min,2026-08-26 20:05:40
600150.SH,2026-08-18 10:00:00,2026-08-18,10:00:00,33.7,33.79,33.45,33.47,12716741.0,427524717.0,derived_from_1min,2026-08-26 20:05:40
600150.SH,2026-08-18 11:00:00,2026-08-18,11:00:00,33.48,33.5,33.3,33.38,14292093.0,477046789.0,derived_from_1min,2026-08-26 20:05:40
600150.SH,2026-08-18 12:00:00,2026-08-18,12:00:00,33.38,33.48,33.32,33.32,3669457.0,122525310.0,derived_from_1min,2026-08-26 20:05:40
600150.SH,2026-08-18 14:00:00,2026-08-18,14:00:00,33.33,33.44,33.28,33.36,7986385.0,266263936.0,derived_from_1min,2026-08-26 20:05:40
600150.SH,2026-08-18 15:00:00,2026-08-18,15:00:00,33.36,33.5,33.3,33.49,10628396.0,355032916.0,derived_from_1min,2026-08-26 20:05:40
600150.SH,2026-08-18 16:00:00,2026-08-18,16:00:00,33.49,33.49,33.49,33.49,532700.0,17840124.0,derived_from_1min,2026-08-26 20:05:40
600150.SH,2026-08-19 10:00:00,2026-08-19,10:00:00,33.43,33.43,33.13,33.27,13230354.0,439741372.0,derived_from_1min,2026-08-26 20:05:40
600150.SH,2026-08-19 11:00:00,2026-08-19,11:00:00,33.27,33.27,32.98,33.11,17846379.0,590711431.0,derived_from_1min,2026-08-26 20:05:40
600150.SH,2026-08-19 12:00:00,2026-08-19,12:00:00,33.12,33.19,33.09,33.14,4463798.0,147895475.0,derived_from_1min,2026-08-26 20:05:40
600150.SH,2026-08-19 14:00:00,2026-08-19,14:00:00,33.14,33.22,32.99,33.0,12179242.0,402969365.0,derived_from_1min,2026-08-26 20:05:40
600150.SH,2026-08-19 15:00:00,2026-08-19,15:00:00,33.0,33.11,32.94,32.99,14810761.0,488826817.0,derived_from_1min,2026-08-26 20:05:40
600150.SH,2026-08-19 16:00:00,2026-08-19,16:00:00,33.14,33.14,33.14,33.14,1629600.0,54004944.0,derived_from_1min,2026-08-26 20:05:40
600150.SH,2026-08-20 10:00:00,2026-08-20,10:00:00,33.13,33.8,33.05,33.43,20899532.0,699215596.0,derived_from_1min,2026-08-26 20:05:40
600150.SH,2026-08-20 11:00:00,2026-08-20,11:00:00,33.43,33.44,33.11,33.13,12232562.0,407001067.0,derived_from_1min,2026-08-26 20:05:40
600150.SH,2026-08-20 12:00:00,2026-08-20,12:00:00,33.12,33.17,33.06,33.1,4382775.0,145102350.0,derived_from_1min,2026-08-26 20:05:40
600150.SH,2026-08-20 14:00:00,2026-08-20,14:00:00,33.1,33.2,33.01,33.02,7999516.0,264780238.0,derived_from_1min,2026-08-26 20:05:40
600150.SH,2026-08-20 15:00:00,2026-08-20,15:00:00,33.02,33.03,32.93,33.01,11628580.0,383606112.0,derived_from_1min,2026-08-26 20:05:40
600150.SH,2026-08-20 16:00:00,2026-08-20,16:00:00,32.99,32.99,32.99,32.99,458800.0,15135812.0,derived_from_1min,2026-08-26 20:05:40
600150.SH,2026-08-21 10:00:00,2026-08-21,10:00:00,32.83,33.4,32.59,33.31,20295735.0,671972353.0,derived_from_1min,2026-08-26 20:05:40
600150.SH,2026-08-21 11:00:00,2026-08-21,11:00:00,33.3,33.64,33.29,33.61,22945743.0,768167932.0,derived_from_1min,2026-08-26 20:05:40
600150.SH,2026-08-21 12:00:00,2026-08-21,12:00:00,33.6,33.79,33.57,33.62,7880958.0,265213336.0,derived_from_1min,2026-08-26 20:05:40
600150.SH,2026-08-21 14:00:00,2026-08-21,14:00:00,33.62,33.76,33.56,33.62,10360788.0,348579495.0,derived_from_1min,2026-08-26 20:05:40
600150.SH,2026-08-21 15:00:00,2026-08-21,15:00:00,33.62,33.71,33.61,33.69,13711338.0,461703436.0,derived_from_1min,2026-08-26 20:05:40
600150.SH,2026-08-21 16:00:00,2026-08-21,16:00:00,33.68,33.68,33.68,33.68,826133.0,27824160.0,derived_from_1min,2026-08-26 20:05:40
600150.SH,2026-08-24 10:00:00,2026-08-24,10:00:00,33.59,34.39,33.58,33.99,22378000.0,761809839.0,derived_from_1min,2026-08-26 20:05:40
600150.SH,2026-08-24 11:00:00,2026-08-24,11:00:00,33.99,34.2,33.71,33.8,16880853.0,573276245.0,derived_from_1min,2026-08-26 20:05:40
600150.SH,2026-08-24 12:00:00,2026-08-24,12:00:00,33.8,33.95,33.73,33.93,4312224.0,145835751.0,derived_from_1min,2026-08-26 20:05:40
600150.SH,2026-08-24 14:00:00,2026-08-24,14:00:00,33.93,33.94,33.71,33.71,7265226.0,245570329.0,derived_from_1min,2026-08-26 20:05:40
600150.SH,2026-08-24 15:00:00,2026-08-24,15:00:00,33.72,33.81,33.67,33.8,10976492.0,370340086.0,derived_from_1min,2026-08-26 20:05:40
600150.SH,2026-08-24 16:00:00,2026-08-24,16:00:00,33.8,33.8,33.8,33.8,499211.0,16873332.0,derived_from_1min,2026-08-26 20:05:40
600150.SH,2026-08-25 10:00:00,2026-08-25,10:00:00,33.73,34.08,33.58,33.65,11635940.0,392746291.0,derived_from_1min,2026-08-26 20:05:40
600150.SH,2026-08-25 11:00:00,2026-08-25,11:00:00,33.65,33.93,33.62,33.62,10109436.0,341207825.0,derived_from_1min,2026-08-26 20:05:40
600150.SH,2026-08-25 12:00:00,2026-08-25,12:00:00,33.63,33.73,33.62,33.7,2186347.0,73627175.0,derived_from_1min,2026-08-26 20:05:40
600150.SH,2026-08-25 14:00:00,2026-08-25,14:00:00,33.72,33.96,33.7,33.75,8403102.0,284188445.0,derived_from_1min,2026-08-26 20:05:40
600150.SH,2026-08-25 15:00:00,2026-08-25,15:00:00,33.75,33.86,33.75,33.83,9657652.0,326574611.0,derived_from_1min,2026-08-26 20:05:40
600150.SH,2026-08-25 16:00:00,2026-08-25,16:00:00,33.84,33.84,33.84,33.84,519926.0,17594296.0,derived_from_1min,2026-08-26 20:05:40
600150.SH,2026-08-26 10:00:00,2026-08-26,10:00:00,33.84,34.29,33.77,34.27,19967083.0,681753329.0,derived_from_1min,2026-08-26 20:05:40
600150.SH,2026-08-26 11:00:00,2026-08-26,11:00:00,34.27,34.43,34.12,34.26,20390066.0,698928411.0,derived_from_1min,2026-08-26 20:05:40
600150.SH,2026-08-26 12:00:00,2026-08-26,12:00:00,34.26,34.32,34.22,34.23,3150694.0,107944424.0,derived_from_1min,2026-08-26 20:05:40
600150.SH,2026-08-26 14:00:00,2026-08-26,14:00:00,34.24,34.24,34.09,34.17,9202841.0,314341380.0,derived_from_1min,2026-08-26 20:05:40
600150.SH,2026-08-26 15:00:00,2026-08-26,15:00:00,34.17,34.25,34.12,34.12,10983313.0,375310828.0,derived_from_1min,2026-08-26 20:05:40
600150.SH,2026-08-26 16:00:00,2026-08-26,16:00:00,34.11,34.11,34.11,34.11,781691.0,26663480.0,derived_from_1min,2026-08-26 20:05:40
