trade_date,ts_code,asof_time,asof_price_1400,next_trade_date,next_close,actual_return_vs_1400,actual_up_label,actual_down_label,actual_flat_label,actual_limitup_label,feature_return_from_open_to_1400,feature_return_from_vwap_to_1400,feature_high_drawdown_until_1400,feature_low_rebound_until_1400,feature_intraday_volatility_until_1400,feature_volume_until_1400,feature_amount_until_1400,feature_morning_volume_ratio,feature_afternoon_volume_ratio,feature_vwap_deviation,feature_price_slope_morning,feature_price_slope_afternoon,feature_volume_slope_afternoon,feature_range_until_1400,feature_close_position_until_1400,feature_version,label_version,created_at
20251120,600150.SH,14:00,34.56,20251121,34.26,-0.008680555555555691,0,1,0,0,-0.004034582132564912,-0.001450207219092503,-0.0074669730040206606,0.0043591979075852105,0.0008988654494079584,45727637.0,1582642294.0,0.8332926321996477,0.16670736780035234,-0.001450207219092503,0.0002500000000000095,-0.002372881355932213,-2957.508474576271,0.011815561959654284,0.36585365853659596,intraday_1400_v1,t1_close_vs_1400_v1,2026-08-17 20:05:48
20260525,600150.SH,14:00,37.76,20260526,38.69,0.024629237288135597,1,0,0,0,-0.014870858335507497,-0.0064038438540052756,-0.030303030303030276,0.0029216467463479834,0.0016179213157794072,62368746.0,2370222383.0,0.7672120904916062,0.23278790950839384,-0.0064038438540052756,-0.005000000000000012,0.0011864406779661064,-17019.694915254237,0.03365510044351681,0.08527131782945697,intraday_1400_v1,t1_close_vs_1400_v1,2026-08-17 20:05:48
20251231,600150.SH,14:00,33.31,20260105,34.48,0.0351245872110475,1,0,0,0,0.0012022843402463845,-0.0008457941216393206,-0.0074493444576877454,0.004220681338559018,0.0007882673401924861,29483776.0,982935940.0,0.8137960687260682,0.1862039312739318,-0.0008457941216393206,0.000833333333333286,0.0,-4924.016949152542,0.011722272317403082,0.3589743589743599,intraday_1400_v1,t1_close_vs_1400_v1,2026-08-17 20:05:48
20251211,600150.SH,14:00,34.24,20251212,34.21,-0.0008761682242991453,0,1,1,0,-0.01183261183261175,-0.004346679032537382,-0.013256484149855918,0.002635431918008857,0.0007314157910357976,35056855.0,1205587015.0,0.6981492777945997,0.3018507222054003,-0.004346679032537382,-0.0020000000000000165,-0.002372881355932213,-1955.7796610169491,0.015873015873015997,0.16363636363636858,intraday_1400_v1,t1_close_vs_1400_v1,2026-08-17 20:05:48
20260403,600150.SH,14:00,30.63,20260407,31.98,0.044074436826640584,1,0,0,0,-0.0090585571012618,0.00022128899482298792,-0.011935483870967767,0.007565789473684248,0.0009112056852198598,27598918.0,845167832.0,0.7311574678398625,0.2688425321601376,0.00022128899482298792,-0.0029999999999999953,0.002542372881355908,-7244.474576271186,0.019411193788418032,0.38333333333333314,intraday_1400_v1,t1_close_vs_1400_v1,2026-08-17 20:05:48
20260122,600150.SH,14:00,36.21,20260123,35.53,-0.018779342723004633,0,1,0,0,0.022881355932203418,0.0041991421857201505,-0.005219780219780201,0.026069708132615554,0.001524816966870846,107062309.0,3860515356.0,0.8082441879709507,0.19175581202904937,0.0041991421857201505,0.003666666666666707,0.006440677966101738,27505.57627118644,0.031355932203389815,0.8288288288288308,intraday_1400_v1,t1_close_vs_1400_v1,2026-08-17 20:05:48
20251230,600150.SH,14:00,33.28,20251231,33.26,-0.0006009615384616751,0,1,1,0,-0.007751937984496027,-0.004843158140196646,-0.012755858795609587,0.0009022556390978487,0.0006535194485085744,27837991.0,930957113.0,0.6747990542852033,0.32520094571479674,-0.004843158140196646,-0.0011666666666666713,-0.0013559322033898015,-2257.406779661017,0.013714967203339323,0.06521739130435018,intraday_1400_v1,t1_close_vs_1400_v1,2026-08-17 20:05:48
20260717,600150.SH,14:00,32.49,20260720,33.01,0.016004924592182057,1,0,0,0,-0.006118078923218029,0.0018907808510169044,-0.01186131386861311,0.011519302615193183,0.0015509691243045071,74454275.0,2414454191.0,0.7326482193265599,0.2673517806734402,0.0018907808510169044,0.0,-0.001016949152542291,-3116.406779661017,0.023248699908228976,0.4868421052631606,intraday_1400_v1,t1_close_vs_1400_v1,2026-08-17 20:05:48
20260629,600150.SH,14:00,33.68,20260630,33.79,0.0032660332541567527,1,0,0,0,0.0098950524737631,0.011885832601068902,-0.006196518146945995,0.024642531183449945,0.0021523132945381255,75446515.0,2511191029.0,0.7757970663058459,0.22420293369415406,0.011885832601068902,0.0013333333333333049,0.006101694915254228,-13275.152542372882,0.030584707646177003,0.7941176470588234,intraday_1400_v1,t1_close_vs_1400_v1,2026-08-17 20:05:48
20251204,600150.SH,14:00,33.51,20251205,33.77,0.0077588779468815705,1,0,0,0,-0.005637982195845881,-0.0004785204813538835,-0.009166173861620441,0.005702280912364799,0.000801118395471611,41526465.0,1392218047.0,0.8737884382886913,0.12621156171130868,-0.0004785204813538835,0.000500000000000019,-0.0037288135593220146,-163.0677966101695,0.014836795252225518,0.37999999999999545,intraday_1400_v1,t1_close_vs_1400_v1,2026-08-17 20:05:48
20260416,600150.SH,14:00,32.75,20260417,33.03,0.00854961832061063,1,0,0,0,-0.00030525030525019314,-0.0033823558142779264,-0.01295961422543701,0.0021419828641371375,0.0007948505902578969,38262572.0,1257352045.0,0.7996665252926541,0.20033347470734586,-0.0033823558142779264,0.0002500000000000095,-0.0008474576271185959,-10706.745762711864,0.015262515262515264,0.14000000000000057,intraday_1400_v1,t1_close_vs_1400_v1,2026-08-17 20:05:48
20260105,600150.SH,14:00,34.48,20260106,35.11,0.018271461716937498,1,0,0,0,0.03202633941933564,0.011691027815772914,-0.0005797101449276365,0.03202633941933564,0.0009752261194090367,81833715.0,2789019983.0,0.7065662606176439,0.29343373938235606,0.011691027815772914,0.007250000000000038,0.003559322033898199,-11100.033898305084,0.032624962586052186,0.9816513761467862,intraday_1400_v1,t1_close_vs_1400_v1,2026-08-17 20:05:48
20260609,600150.SH,14:00,34.63,20260610,35.06,0.0124169794975455,1,0,0,0,-0.009155937052932717,0.004418018227856146,-0.017588652482269485,0.01613849765258224,0.0015425644794417452,65082500.0,2243893413.0,0.7677161448930204,0.2322838551069796,0.004418018227856146,-0.004833333333333319,-0.0011864406779661064,-24307.915254237287,0.03347639484978546,0.470085470085473,intraday_1400_v1,t1_close_vs_1400_v1,2026-08-17 20:05:48
20260623,600150.SH,14:00,36.0,20260624,35.35,-0.01805555555555549,0,1,0,0,-0.040000000000000036,-0.02318464947762855,-0.05063291139240511,0.0005558643690939391,0.0015740086170052095,95348434.0,3514014826.0,0.7460798674470102,0.2539201325529898,-0.02318464947762855,-0.007000000000000029,-0.0077966101694915396,-15502.372881355932,0.051733333333333464,0.01030927835051705,intraday_1400_v1,t1_close_vs_1400_v1,2026-08-17 20:05:48
20260327,600150.SH,14:00,30.81,20260330,30.55,-0.00843881856540074,0,1,0,0,0.01716738197424883,0.003908125349715297,-0.0054874112330536295,0.026999999999999913,0.0010514436605365812,41561680.0,1275530428.0,0.7148078470360197,0.28519215296398026,0.003908125349715297,0.00408333333333332,-0.0010169491525424115,-10807.440677966102,0.032353912182238376,0.8265306122448963,intraday_1400_v1,t1_close_vs_1400_v1,2026-08-17 20:05:48
20260428,600150.SH,14:00,41.34,20260429,41.16,-0.004354136429608246,0,1,0,0,0.06794110049082924,0.00460900664321362,-0.015010721944245797,0.07126198497019942,0.0027976015545907898,226969056.0,9339853329.0,0.8781330658572242,0.12186693414277583,0.00460900664321362,0.02375000000000001,-0.0001694915254236951,-21894.898305084746,0.08731593903384126,0.8136094674556223,intraday_1400_v1,t1_close_vs_1400_v1,2026-08-17 20:05:48
20260610,600150.SH,14:00,34.77,20260611,34.45,-0.009203336209375856,0,1,0,0,0.004913294797687984,0.00427122844059058,-0.015571913929784742,0.024756852343059244,0.001766438332446743,71278086.0,2467798519.0,0.8391883165886357,0.16081168341136434,0.00427122844059058,0.0028333333333333027,0.0008474576271187164,-30610.28813559322,0.04017341040462429,0.6043165467625922,intraday_1400_v1,t1_close_vs_1400_v1,2026-08-17 20:05:48
20251212,600150.SH,14:00,34.33,20251215,33.81,-0.015147101660355267,0,1,0,0,0.007335680751173745,0.0010749431988110736,-0.004061502756019797,0.009408997353719473,0.0006620178478598953,37202917.0,1275804723.0,0.7605682371626935,0.23943176283730655,0.0010749431988110736,0.0019166666666666405,-0.0005084745762712057,-446.45762711864404,0.013497652582159651,0.6956521739130428,intraday_1400_v1,t1_close_vs_1400_v1,2026-08-17 20:05:48
20251121,600150.SH,14:00,34.4,20251124,35.49,0.031686046511627985,1,0,0,0,0.005847953216374213,0.00024361355140678498,-0.012345679012345623,0.013254786450662692,0.0014298959858486,67705425.0,2328499366.0,0.8308740547747836,0.16912594522521646,0.00024361355140678498,0.002916666666666619,-0.002033898305084823,-6803.28813559322,0.02573099415204665,0.5113636363636341,intraday_1400_v1,t1_close_vs_1400_v1,2026-08-17 20:05:48
20251119,600150.SH,14:00,34.93,20251120,34.41,-0.014886916690523999,0,1,0,0,0.026447252424331325,0.009796250242355642,-0.003423680456490663,0.029472443265546655,0.0011649187723321826,87837846.0,3038410927.0,0.5875134392525974,0.41248656074740264,0.009796250242355642,0.0043333333333333,0.006101694915254228,-3896.491525423729,0.03291213635027909,0.8928571428571449,intraday_1400_v1,t1_close_vs_1400_v1,2026-08-17 20:05:48
20260630,600150.SH,14:00,33.68,20260701,35.19,0.04483372921615203,1,0,0,0,0.011411411411411443,0.004792462469661363,-0.019790454016297976,0.024954351795495988,0.0017118733832654487,75385285.0,2526866486.0,0.8017217020536568,0.19827829794634325,0.004792462469661363,0.008000000000000007,-0.006610169491525433,-21759.389830508473,0.04504504504504505,0.5466666666666669,intraday_1400_v1,t1_close_vs_1400_v1,2026-08-17 20:05:48
20260121,600150.SH,14:00,35.47,20260122,36.06,0.016633775021144714,1,0,0,0,-0.0011264432554209947,-0.003211352684411861,-0.014722222222222303,0.006812375816065863,0.0011402984190558008,56253050.0,2001723925.0,0.7241086483310682,0.27589135166893175,-0.003211352684411861,-0.0019999999999999575,0.0037288135593220146,-7524.949152542373,0.021684032666854498,0.311688311688313,intraday_1400_v1,t1_close_vs_1400_v1,2026-08-17 20:05:48
20260109,600150.SH,14:00,35.69,20260112,36.14,0.012608573830204639,1,0,0,0,-0.007232267037552309,-0.0050919628889442015,-0.014904775048302454,0.0053521126760562865,0.001249283478742634,83013044.0,2977898891.0,0.8461419388499957,0.15385806115000433,-0.0050919628889442015,-0.0025000000000000356,0.001016949152542291,-11362.271186440677,0.020305980528511732,0.2602739726027377,intraday_1400_v1,t1_close_vs_1400_v1,2026-08-17 20:05:48
20260409,600150.SH,14:00,32.19,20260410,32.65,0.01429015222118668,1,0,0,0,0.0012441679626749025,0.00292624810231068,-0.004022277227722859,0.008774678784080114,0.000999568294531001,45375036.0,1456360736.0,0.7857295363908913,0.21427046360910876,0.00292624810231068,-0.0003333333333333262,0.0015254237288134967,-8479.203389830509,0.012752721617418356,0.6829268292682865,intraday_1400_v1,t1_close_vs_1400_v1,2026-08-17 20:05:48
20251202,600150.SH,14:00,34.35,20251203,33.83,-0.015138282387190727,0,1,0,0,-0.000581902822228586,-0.0033777643481595065,-0.008658008658008587,0.0023344032681644755,0.0006415569560543843,43350993.0,1494153508.0,0.8017207587378679,0.19827924126213212,-0.0033777643481595065,0.0007500000000000284,-0.001016949152542291,-5060.220338983051,0.011056153622344937,0.21052631578947173,intraday_1400_v1,t1_close_vs_1400_v1,2026-08-17 20:05:48
20251128,600150.SH,14:00,34.41,20251201,34.34,-0.002034292356872802,0,1,0,0,0.007318501170960223,0.0039570701287694465,-0.0040520984081041656,0.009979454065159876,0.0006989984923388539,38011830.0,1302831674.0,0.47435885091562285,0.5256411490843772,0.0039570701287694465,0.0001666666666666927,0.0037288135593220146,-4533.389830508475,0.01405152224824347,0.7083333333333303,intraday_1400_v1,t1_close_vs_1400_v1,2026-08-17 20:05:48
20260227,600150.SH,14:00,37.69,20260302,38.13,0.011674184133722676,1,0,0,0,-0.008157894736842142,-0.0048483858076824315,-0.01541274817136895,0.002660281989890878,0.000978151797285373,71596495.0,2711618871.0,0.7873870920636548,0.2126129079363452,-0.0048483858076824315,-0.0028333333333333617,0.0011864406779661064,-27632.15254237288,0.018157894736842047,0.1449275362318763,intraday_1400_v1,t1_close_vs_1400_v1,2026-08-17 20:05:48
20260618,600150.SH,14:00,36.23,20260622,37.33,0.030361578802097666,1,0,0,0,-0.0213398163155053,-0.008676392780138986,-0.032059845044082325,0.014277715565509386,0.0017448296377228039,95878146.0,3504067899.0,0.7830046692809434,0.21699533071905666,-0.008676392780138986,-0.008250000000000016,0.005423728813559327,-62890.186440677964,0.04619124797406809,0.2982456140350864,intraday_1400_v1,t1_close_vs_1400_v1,2026-08-17 20:05:48
20260114,600150.SH,14:00,35.56,20260115,36.0,0.01237345331833506,1,0,0,0,-0.0028042624789679227,-0.014232926276434132,-0.024684585847504104,0.0002812939521801283,0.0012502647229286365,85769551.0,3094001935.0,0.6515595843564577,0.34844041564354233,-0.014232926276434132,0.005583333333333347,-0.008983050847457647,-22654.0,0.02551878855860919,0.010989010989016567,intraday_1400_v1,t1_close_vs_1400_v1,2026-08-17 20:05:48
20251218,600150.SH,14:00,32.71,20251219,33.2,0.014980128401100634,1,0,0,0,0.0,-0.0016101236188499346,-0.00547278808148377,0.0012243648607284108,0.0006131683730254724,25496721.0,835342749.0,0.7369289172517517,0.2630710827482483,-0.0016101236188499346,8.333333333331676e-05,0.0001694915254236951,-3973.0169491525426,0.006725771935187981,0.18181818181817888,intraday_1400_v1,t1_close_vs_1400_v1,2026-08-17 20:05:48
20251125,600150.SH,14:00,34.97,20251126,34.23,-0.02116099513869041,0,1,0,0,-0.009348441926345541,-0.002261620145203813,-0.009629000283206013,0.004596380350473828,0.0010648593758582326,78743519.0,2759902711.0,0.8369239886269243,0.16307601137307567,-0.002261620145203813,-0.0023333333333332837,0.0003389830508473902,-13999.35593220339,0.0141643059490085,0.3199999999999932,intraday_1400_v1,t1_close_vs_1400_v1,2026-08-17 20:05:48
20260107,600150.SH,14:00,34.54,20260108,35.88,0.03879559930515364,1,0,0,0,-0.014550641940085485,-0.005865685434721213,-0.015112631879098948,0.0031948881789136685,0.0007508652696529357,56086404.0,1948654589.0,0.6916369428854807,0.3083630571145192,-0.005865685434721213,-0.0019166666666666405,-0.004067796610169525,-9814.728813559323,0.018259629101283897,0.17187499999999897,intraday_1400_v1,t1_close_vs_1400_v1,2026-08-17 20:05:48
20260205,600150.SH,14:00,34.71,20260206,33.91,-0.023048112935753484,0,1,0,0,-0.00800228636753364,-0.0008539272330667647,-0.015039727582292883,0.009598603839441555,0.0009603667163796903,46989513.0,1632399947.0,0.7785290305094246,0.2214709694905755,-0.0008539272330667647,-0.0038333333333333405,0.00423728813559322,-50742.372881355936,0.02457845098599598,0.38372093023255643,intraday_1400_v1,t1_close_vs_1400_v1,2026-08-17 20:05:48
20260716,600150.SH,14:00,33.22,20260717,32.34,-0.026490066225165476,0,1,0,0,-0.023228462216994927,-0.006083632434770725,-0.024375917767988198,0.004232164449818665,0.001290694715019686,92532551.0,3092746477.0,0.7040344429713172,0.2959655570286828,-0.006083632434770725,-0.005166666666666645,-0.002203389830508518,-7942.932203389831,0.028521023228462186,0.14432989690721726,intraday_1400_v1,t1_close_vs_1400_v1,2026-08-17 20:05:48
20260414,600150.SH,14:00,32.81,20260415,32.71,-0.0030478512648582923,0,1,0,0,-0.014122596153846145,-0.0024993105207117283,-0.01766467065868249,0.00305716906144915,0.001071154292910848,43237876.0,1422189204.0,0.7722325444478355,0.2277674555521645,-0.0024993105207117283,-0.003166666666666688,-0.002372881355932213,-5238.35593220339,0.020733173076923007,0.1449275362318866,intraday_1400_v1,t1_close_vs_1400_v1,2026-08-17 20:05:48
20260521,600150.SH,14:00,39.25,20260522,38.4,-0.021656050955414008,0,1,0,0,0.015523932729624823,-0.011100738218809303,-0.029426310583580584,0.01948051948051943,0.0016828042095126672,93552121.0,3713139337.0,0.8338600468502473,0.16613995314975274,-0.011100738218809303,0.007833333333333374,-0.006440677966101738,-15572.22033898305,0.050194049159120256,0.38659793814433036,intraday_1400_v1,t1_close_vs_1400_v1,2026-08-17 20:05:48
20260625,600150.SH,14:00,35.06,20260626,33.4,-0.04734740444951524,0,1,0,0,-0.0008549444286122254,-0.00868159269708424,-0.02502780867630694,0.008340523439746894,0.002059685378905907,74565352.0,2637155955.0,0.77861134485089,0.22138865514911,-0.00868159269708424,0.004499999999999993,-0.007966101694915234,-7409.796610169492,0.033912795668281495,0.24369747899159638,intraday_1400_v1,t1_close_vs_1400_v1,2026-08-17 20:05:48
20260604,600150.SH,14:00,36.81,20260605,35.95,-0.023363216517250707,0,1,0,0,0.0222160510969176,-0.005279074097047087,-0.018399999999999972,0.022499999999999964,0.0015365808546204257,71844151.0,2658618241.0,0.8344552084692323,0.16554479153076776,-0.005279074097047087,0.0069166666666667116,0.0,-7876.186440677966,0.04165509580672036,0.5400000000000015,intraday_1400_v1,t1_close_vs_1400_v1,2026-08-17 20:05:48
20260429,600150.SH,14:00,41.01,20260430,41.76,0.018288222384784225,1,0,0,0,0.00024390243902439046,-0.0016734579529685822,-0.011330761812921919,0.004162585700293597,0.001275837277867568,86714607.0,3562127103.0,0.7541845862254787,0.2458154137745213,-0.0016734579529685822,0.002499999999999976,-0.005593220338983142,-27647.508474576272,0.015609756097560816,0.2656249999999943,intraday_1400_v1,t1_close_vs_1400_v1,2026-08-17 20:05:48
20260410,600150.SH,14:00,32.76,20260413,32.66,-0.0030525030525030417,0,1,0,0,0.014241486068111486,0.0014469559933298903,-0.0036496350364965124,0.014241486068111486,0.0010188721189883197,46846920.0,1532487657.0,0.7864415419412845,0.21355845805871548,0.0014469559933298903,0.0025833333333333524,0.0020338983050847024,-5266.440677966101,0.017956656346749394,0.7931034482758561,intraday_1400_v1,t1_close_vs_1400_v1,2026-08-17 20:05:48
20251127,600150.SH,14:00,34.22,20251128,34.37,0.0043834015195791665,1,0,0,0,0.0005847953216373547,0.000558500272042739,-0.0026231419411251178,0.00381343502493392,0.0005610435746008203,30534206.0,1044297289.0,0.780670471667087,0.21932952833291294,0.000558500272042739,-0.0002500000000000095,0.0003389830508473902,-2552.576271186441,0.006432748538011662,0.5909090909090733,intraday_1400_v1,t1_close_vs_1400_v1,2026-08-17 20:05:48
20260810,600150.SH,14:00,34.74,20260811,33.97,-0.022164651698330595,0,1,0,0,-0.0008628127696290733,-0.005490803431662528,-0.015306122448979553,0.0025974025974027093,0.0011266754448837045,60084668.0,2098865826.0,0.8169518719817175,0.18304812801828246,-0.005490803431662528,-0.0001666666666666927,0.00016949152542381553,-3838.237288135593,0.018119068162208873,0.14285714285714768,intraday_1400_v1,t1_close_vs_1400_v1,2026-08-17 20:05:48
20260707,600150.SH,14:00,37.22,20260708,35.98,-0.03331542181622793,0,1,0,0,-0.011158342189160564,-0.004981339162565046,-0.02514405447878476,0.007307171853856431,0.0018771626220544103,79323047.0,2967184361.0,0.7773958683155476,0.2226041316844523,-0.004981339162565046,-0.0033333333333333214,-0.0018644067796610073,-29921.830508474577,0.032678002125398425,0.21951219512194856,intraday_1400_v1,t1_close_vs_1400_v1,2026-08-17 20:05:48
20260129,600150.SH,14:00,34.39,20260130,33.54,-0.024716487350974203,0,1,0,0,-0.0066435586366261346,0.004937079723252635,-0.008933717579250766,0.014155116484812824,0.0010999343203453985,75520010.0,2584373884.0,0.7484885661429335,0.2515114338570665,0.004937079723252635,-0.005166666666666645,0.006949152542372944,-10752.06779661017,0.022819179664933745,0.607594936708861,intraday_1400_v1,t1_close_vs_1400_v1,2026-08-17 20:05:48
20260511,600150.SH,14:00,41.0,20260512,40.5,-0.012195121951219523,0,1,0,0,0.0026901442895572725,0.001997233752795813,-0.009183180280328718,0.014098441751174917,0.0017358869480126827,88721936.0,3630348721.0,0.8231860044172165,0.1768139955827835,0.001997233752795813,-0.000416666666666643,0.0008474576271185959,-17105.20338983051,0.023233064318904446,0.5999999999999985,intraday_1400_v1,t1_close_vs_1400_v1,2026-08-17 20:05:48
20260714,600150.SH,14:00,33.5,20260715,34.31,0.024179104477612068,1,0,0,0,-0.01932084309133475,-0.009849186572094548,-0.034025374855824686,0.012696493349455995,0.0022737718213371822,129839354.0,4392884700.0,0.8241336444110774,0.1758663555889226,-0.009849186572094548,-0.0065833333333333265,0.0005084745762712057,-11946.254237288136,0.046838407494145244,0.26250000000000084,intraday_1400_v1,t1_close_vs_1400_v1,2026-08-17 20:05:48
20260514,600150.SH,14:00,40.75,20260515,40.55,-0.004907975460122782,0,1,0,0,-0.019489894128970175,-0.009975613508099057,-0.02511961722488032,0.0012285012285011554,0.0011872425462369344,73387585.0,3020677197.0,0.7807598110770371,0.21924018892296293,-0.009975613508099057,-0.005916666666666673,-0.0018644067796610073,-7480.525423728814,0.026467757459095145,0.045454545454543104,intraday_1400_v1,t1_close_vs_1400_v1,2026-08-17 20:05:48
20251105,600150.SH,14:00,36.14,20251106,35.95,-0.0052573325954620165,0,1,0,0,0.006404901141743302,0.005944234405481197,-0.002208724461623346,0.012041444973396764,0.0007452846252475034,42088100.0,1512075801.0,0.7384718008178084,0.26152819918219167,0.005944234405481197,0.0006666666666667116,0.0018644067796610073,-5084.8983050847455,0.014202172096908884,0.8431372549019636,intraday_1400_v1,t1_close_vs_1400_v1,2026-08-17 20:05:48
20251118,600150.SH,14:00,34.05,20251119,34.98,0.027312775330396555,1,0,0,0,-0.017032332563510444,-0.003077500262904209,-0.017032332563510444,0.0005877167205405875,0.0007600489682998434,44120402.0,1506937288.0,0.8323614775767456,0.16763852242325444,-0.003077500262904209,-0.004833333333333319,-0.0003389830508475106,-3335.237288135593,0.017609699769053102,0.032786885245895146,intraday_1400_v1,t1_close_vs_1400_v1,2026-08-17 20:05:48
20260512,600150.SH,14:00,40.43,20260513,41.77,0.03314370516942877,1,0,0,0,-0.018689320388349584,-0.0062496841046205676,-0.029990403071017302,0.008480917934647003,0.0014127087465304333,94561177.0,3847151870.0,0.7533429813378909,0.24665701866210907,-0.0062496841046205676,-0.008083333333333383,0.002542372881355908,-16676.186440677968,0.03859223300970865,0.21383647798741956,intraday_1400_v1,t1_close_vs_1400_v1,2026-08-17 20:05:48
20260305,600150.SH,14:00,38.73,20260306,38.93,0.005163955589982061,1,0,0,0,-0.0018041237113401998,-0.003326994961912688,-0.01375095492742573,0.00571280186964418,0.0012327989671594248,89759422.0,3487986929.0,0.8462452554563018,0.15375474454369814,-0.003326994961912688,-0.0016666666666666312,0.002711864406779603,-21741.525423728814,0.019587628865979513,0.2894736842105229,intraday_1400_v1,t1_close_vs_1400_v1,2026-08-17 20:05:48
20260206,600150.SH,14:00,34.11,20260209,34.09,-0.0005863383172088898,0,1,1,0,-0.009006391632771726,0.00048471934857619026,-0.012163336229365829,0.008574807806031925,0.0008980276915728237,49428231.0,1685180120.0,0.7998790407854167,0.20012095921458325,0.00048471934857619026,-0.003916666666666657,0.0035593220338983197,-47511.03389830508,0.020627542126670565,0.4084507042253504,intraday_1400_v1,t1_close_vs_1400_v1,2026-08-17 20:05:48
20260427,600150.SH,14:00,38.25,20260428,41.32,0.08026143790849671,1,0,0,0,-0.014175257731958713,-0.006686445440016953,-0.026717557251908275,0.0044642857142858094,0.0013287757070555705,88390491.0,3403694901.0,0.8112654900853532,0.18873450991464683,-0.006686445440016953,-0.005166666666666645,-0.001525423728813617,-24908.20338983051,0.031443298969072137,0.13934426229508348,intraday_1400_v1,t1_close_vs_1400_v1,2026-08-17 20:05:48
20260115,600150.SH,14:00,35.99,20260116,35.33,-0.018338427340928165,0,1,0,0,0.015232722143864619,0.0007423297925679417,-0.008266740148801244,0.01580581428168215,0.001139448911410646,60747483.0,2184680160.0,0.8324266044076263,0.16757339559237378,0.0007423297925679417,0.004499999999999993,0.002203389830508518,-10104.0,0.024259520451339896,0.6511627906976775,intraday_1400_v1,t1_close_vs_1400_v1,2026-08-17 20:05:48
20260811,600150.SH,14:00,34.29,20260812,33.89,-0.011665208515602155,0,1,0,0,-0.014655172413792994,-0.008525895668283878,-0.021124750214102206,0.0014602803738317238,0.0009941591263016257,69364273.0,2398954154.0,0.6911562671463449,0.3088437328536551,-0.008525895668283878,-0.0019166666666666405,-0.003220338983050809,-28599.745762711864,0.022701149425287333,0.0632911392405028,intraday_1400_v1,t1_close_vs_1400_v1,2026-08-17 20:05:48
20251209,600150.SH,14:00,34.7,20251210,34.66,-0.0011527377521615145,0,1,1,0,0.0011540680900175015,-0.008629193396182733,-0.02198421645997728,0.004050925925926041,0.0013436017000484689,123634444.0,4327457676.0,0.9096809623700011,0.09031903762999896,-0.008629193396182733,0.000500000000000019,0.0003389830508475106,-4576.6949152542375,0.026543566070398,0.15217391304347977,intraday_1400_v1,t1_close_vs_1400_v1,2026-08-17 20:05:48
20251224,600150.SH,14:00,33.34,20251225,33.84,0.014997000599880073,1,0,0,0,0.004822182037371947,0.0010110200093866872,-0.0029904306220094323,0.006946541830262776,0.0005117318465307759,22978684.0,765335555.0,0.6737594285207978,0.3262405714792022,0.0010110200093866872,0.0015833333333333144,-0.0006779661016949008,-946.6610169491526,0.009945750452079514,0.6969696969697127,intraday_1400_v1,t1_close_vs_1400_v1,2026-08-17 20:05:48
20260119,600150.SH,14:00,35.62,20260120,35.57,-0.0014037057832677613,0,1,1,0,0.01626248216833104,-5.680705116317686e-05,-0.013022998060404745,0.021801491681009644,0.0012243806338175247,61262441.0,2182292118.0,0.6793025273021687,0.3206974726978313,-5.680705116317686e-05,0.0032500000000000046,0.0016949152542371918,-5030.220338983051,0.035092724679030074,0.617886178861785,intraday_1400_v1,t1_close_vs_1400_v1,2026-08-17 20:05:48
20260402,600150.SH,14:00,30.67,20260403,30.51,-0.005216824258232777,0,1,0,0,-0.010645161290322558,-0.009129557843454705,-0.017302146747837255,0.0003261578604045745,0.0009977949158251668,37392285.0,1157387820.0,0.7289873298729939,0.27101267012700614,-0.009129557843454705,-0.0006666666666666524,-0.003389830508474564,-10336.610169491525,0.017741935483870992,0.018181818181821,intraday_1400_v1,t1_close_vs_1400_v1,2026-08-17 20:05:48
20260710,600150.SH,14:00,37.07,20260713,34.21,-0.0771513353115727,0,1,0,0,0.029722222222222205,-0.005594731002688036,-0.031102979613172987,0.037503498460677465,0.002552386465597502,156401404.0,5830419676.0,0.7077591515738567,0.2922408484261433,-0.005594731002688036,0.015249999999999986,-0.015423728813559264,-76618.44067796611,0.07027777777777781,0.5296442687747047,intraday_1400_v1,t1_close_vs_1400_v1,2026-08-17 20:05:48
20260126,600150.SH,14:00,35.32,20260127,34.9,-0.011891279728199367,0,1,0,0,-0.006749156355455588,-0.0063909350265226594,-0.02160664819944602,0.00512236767216856,0.001184288845231623,82094337.0,2918222151.0,0.7503911384289516,0.24960886157104845,-0.0063909350265226594,-0.0018333333333333238,0.0011864406779661064,-24628.694915254237,0.026996625421822296,0.18749999999999953,intraday_1400_v1,t1_close_vs_1400_v1,2026-08-17 20:05:48
20251223,600150.SH,14:00,33.3,20251224,33.37,0.0021021021021021546,1,0,0,0,0.0036166365280287938,0.004008927472571644,-0.0026954177897574594,0.01185050136736554,0.0006196337925301458,34169845.0,1133312471.0,0.6869137100270721,0.31308628997292787,0.004008927472571644,0.0002500000000000095,0.0018644067796610073,357.10169491525426,0.014466546112115852,0.8124999999999944,intraday_1400_v1,t1_close_vs_1400_v1,2026-08-17 20:05:48
20260326,600150.SH,14:00,30.73,20260327,30.84,0.0035795639440285854,1,0,0,0,-0.03516483516483515,-0.015969454102170655,-0.03516483516483515,0.0022831050228311334,0.0008913053785849301,61654344.0,1925385344.0,0.5780273811687948,0.4219726188312051,-0.015969454102170655,-0.005000000000000012,-0.00847457627118644,-9001.0,0.0373626373626374,0.05882352941176488,intraday_1400_v1,t1_close_vs_1400_v1,2026-08-17 20:05:48
20251225,600150.SH,14:00,33.84,20251226,33.68,-0.004728132387706974,0,1,0,0,0.014997000599880073,0.005595681791895624,-0.0035335689045935537,0.017132551848512145,0.0005557150005280808,37949375.0,1277060824.0,0.6129787381215106,0.38702126187848945,0.005595681791895624,0.0024166666666666594,0.0033898305084746243,-1966.7796610169491,0.020695860827834364,0.8260869565217422,intraday_1400_v1,t1_close_vs_1400_v1,2026-08-17 20:05:48
20260401,600150.SH,14:00,30.9,20260402,30.9,0.0,0,0,1,0,-0.012779552715655007,-0.007788921562445816,-0.01717557251908408,0.0006476683937823857,0.0009402535303149189,46284487.0,1441417738.0,0.8012533227385669,0.1987466772614332,-0.007788921562445816,-0.0024166666666666594,-0.0010169491525424115,-9399.881355932202,0.017891373801917004,0.03571428571428481,intraday_1400_v1,t1_close_vs_1400_v1,2026-08-17 20:05:48
20260722,600150.SH,14:00,33.02,20260723,33.76,0.02241066020593574,1,0,0,0,0.0042579075425790425,-0.009038496784784966,-0.023076923076922884,0.010713192531374371,0.0016015571555573309,89691498.0,2988625950.0,0.8295249233098995,0.17047507669010054,-0.009038496784784966,0.0038333333333333405,-0.0028813559322032984,-17304.169491525423,0.03436739659367383,0.30973451327433876,intraday_1400_v1,t1_close_vs_1400_v1,2026-08-17 20:05:48
20260320,600150.SH,14:00,33.53,20260323,31.13,-0.07157769161944538,0,1,0,0,-0.024723676556137275,-0.008893736543562403,-0.02557396105783194,0.0005968367651447704,0.0010465597829348659,58700785.0,1985899387.0,0.8172357831330535,0.1827642168669465,-0.008893736543562403,-0.004333333333333359,-0.005084745762711816,-6842.372881355932,0.026178010471204147,0.02222222222222573,intraday_1400_v1,t1_close_vs_1400_v1,2026-08-17 20:05:48
20260317,600150.SH,14:00,34.65,20260318,34.58,-0.002020202020202033,0,1,0,0,-0.008583690987124637,-0.008480975122204581,-0.01562500000000011,0.0005775339301183902,0.000700030919237126,55280276.0,1931845497.0,0.7198882292121697,0.28011177078783034,-0.008480975122204581,-0.0006666666666666524,-0.0035593220338983197,-431.4406779661017,0.016309012875536488,0.03508771929823862,intraday_1400_v1,t1_close_vs_1400_v1,2026-08-17 20:05:48
20260312,600150.SH,14:00,35.99,20260313,35.18,-0.022506251736593597,0,1,0,0,-0.01612903225806439,-0.004188259472424627,-0.018008185538881172,0.006150405367626455,0.0009461568374931618,64687435.0,2337892486.0,0.7966069763007299,0.2033930236992702,-0.004188259472424627,-0.00625,0.0032203389830509294,-19800.20338983051,0.024056861673045257,0.25,intraday_1400_v1,t1_close_vs_1400_v1,2026-08-17 20:05:48
20251114,600150.SH,14:00,34.46,20251117,34.65,0.005513639001741177,1,0,0,0,-0.0002901073397156839,-0.00029924130350189593,-0.004334007512279636,0.0034944670937682165,0.0005244073038845872,23658485.0,815515429.0,0.7682458957114118,0.23175410428858823,-0.00029924130350189593,-0.0001666666666666335,0.0003389830508475106,-5353.372881355932,0.007832898172323645,0.44444444444444153,intraday_1400_v1,t1_close_vs_1400_v1,2026-08-17 20:05:48
20260812,600150.SH,14:00,33.9,20260813,33.78,-0.003539823008849474,0,1,0,0,0.004146919431279539,0.0058198734618222225,0.0,0.011638316920322245,0.0009257435409324639,49726963.0,1675989996.0,0.7911724671382002,0.20882753286179975,0.0058198734618222225,0.0001666666666666927,0.002542372881355908,-7224.6949152542375,0.011552132701421818,1.0,intraday_1400_v1,t1_close_vs_1400_v1,2026-08-17 20:05:48
20260713,600150.SH,14:00,34.46,20260714,33.77,-0.020023215322112486,0,1,0,0,-0.0671358960476447,-0.0029991965246938257,-0.0671358960476447,0.020432336393248374,0.002800912260761426,192870346.0,6666305684.0,0.8485856866767896,0.1514143133232104,-0.0029991965246938257,-0.024249999999999973,0.009661016949152548,-46781.35593220339,0.08581483486735232,0.21766561514195548,intraday_1400_v1,t1_close_vs_1400_v1,2026-08-17 20:05:48
20260224,600150.SH,14:00,37.29,20260225,38.1,0.021721641190667773,1,0,0,0,0.01635322976287812,0.004190759576982339,-0.016094986807387857,0.024450549450549364,0.001674458254874596,116112610.0,4311769637.0,0.8663674858398239,0.13363251416017605,0.004190759576982339,0.005083333333333329,0.0016949152542373122,-17895.84745762712,0.04088307440719542,0.5933333333333337,intraday_1400_v1,t1_close_vs_1400_v1,2026-08-17 20:05:48
20260806,600150.SH,14:00,34.7,20260807,34.85,0.004322766570605152,1,0,0,0,-0.005730659025787843,-0.002642965802968522,-0.011958997722095521,0.004632310364794501,0.0009203574667648958,54766090.0,1905419281.0,0.8457148392371995,0.1542851607628005,-0.002642965802968522,-0.002499999999999976,0.0010169491525424115,-4316.949152542373,0.01661891117478505,0.2758620689655244,intraday_1400_v1,t1_close_vs_1400_v1,2026-08-17 20:05:48
20251229,600150.SH,14:00,33.55,20251230,33.26,-0.008643815201192173,0,1,0,0,-0.0032679738562091387,-0.0043611298775215745,-0.009740259740259938,0.0,0.0007034163604770484,27073685.0,912300794.0,0.7406871654154209,0.2593128345845791,-0.0043611298775215745,0.0,-0.0025423728813560287,3679.7966101694915,0.009803921568627612,0.0,intraday_1400_v1,t1_close_vs_1400_v1,2026-08-17 20:05:48
20260721,600150.SH,14:00,32.91,20260722,33.02,0.0033424491036160298,1,0,0,0,-0.023442136498516453,-0.0008147185767461984,-0.023442136498516453,0.011370620774431295,0.0018826471779399508,76738724.0,2527530633.0,0.8120291392908748,0.18797086070912516,-0.0008147185767461984,-0.008916666666666668,0.006101694915254228,-24632.20338983051,0.034421364985163315,0.31896551724137606,intraday_1400_v1,t1_close_vs_1400_v1,2026-08-17 20:05:48
20260331,600150.SH,14:00,31.14,20260401,31.05,-0.0028901734104046506,0,1,0,0,0.007766990291262266,-0.001781252970317726,-0.01236917221693623,0.0107108081791627,0.0011471548054164272,68760913.0,2145035682.0,0.863136663121387,0.136863336878613,-0.001781252970317726,0.001083333333333325,0.001525423728813557,-4157.627118644068,0.02330097087378649,0.45833333333333437,intraday_1400_v1,t1_close_vs_1400_v1,2026-08-17 20:05:48
20260715,600150.SH,14:00,34.08,20260716,33.0,-0.03169014084507038,0,1,0,0,0.015797317436661684,0.002759850061045732,-0.008726003490401535,0.022502250225022502,0.0016005156316458782,78111740.0,2654721466.0,0.7996381337811704,0.2003618662188296,0.002759850061045732,0.0036666666666666475,0.0016949152542373122,-10713.796610169491,0.031296572280178965,0.7142857142857114,intraday_1400_v1,t1_close_vs_1400_v1,2026-08-17 20:05:48
20260518,600150.SH,14:00,38.32,20260519,37.49,-0.021659707724425825,0,1,0,0,-0.04676616915422893,-0.02198085607273914,-0.05499383477188646,0.0013065064018813466,0.0016606263812675268,113777406.0,4457939525.0,0.7473104985360626,0.2526895014639374,-0.02198085607273914,-0.012083333333333357,-0.006101694915254228,-9540.57627118644,0.05671641791044761,0.02192982456140232,intraday_1400_v1,t1_close_vs_1400_v1,2026-08-17 20:05:48
20260527,600150.SH,14:00,37.72,20260528,38.18,0.012195121951219523,1,0,0,0,-0.02025974025974031,-0.022814079649721153,-0.05676419104776198,0.0005305039787797394,0.0020456563817268206,101597328.0,3921721683.0,0.8538664717639031,0.1461335282360969,-0.022814079649721153,-0.005000000000000012,-0.0011864406779661064,-4749.728813559322,0.05948051948051946,0.008733624454146736,intraday_1400_v1,t1_close_vs_1400_v1,2026-08-17 20:05:48
20251210,600150.SH,14:00,34.51,20251211,34.09,-0.012170385395537386,0,1,0,0,0.0052432274978153615,-0.001147010219304745,-0.008333333333333304,0.005536130536130557,0.0012858734742558979,41998103.0,1451018868.0,0.8125016741827601,0.18749832581723988,-0.001147010219304745,0.0015833333333333144,0.0008474576271185959,-10854.745762711864,0.013981939994174101,0.39583333333333115,intraday_1400_v1,t1_close_vs_1400_v1,2026-08-17 20:05:48
20260626,600150.SH,14:00,33.71,20260629,33.59,-0.003559774547611916,0,1,0,0,-0.04232954545454548,-0.006869964245139526,-0.044771890053839525,0.01505570611261664,0.001540989773613677,100573108.0,3413771962.0,0.8345675963399679,0.16543240366003206,-0.006869964245139526,-0.015166666666666669,0.005593220338983022,-30034.406779661018,0.059090909090909034,0.24038461538461559,intraday_1400_v1,t1_close_vs_1400_v1,2026-08-17 20:05:48
20260602,600150.SH,14:00,36.54,20260603,36.33,-0.005747126436781658,0,1,0,0,-0.002457002457002533,0.0075249650677904345,-0.00544365813826897,0.02010050251256268,0.0013981559608938394,60921092.0,2209430812.0,0.7808660094274081,0.21913399057259184,0.0075249650677904345,-0.003333333333333381,0.0010169491525424115,-4001.084745762712,0.025116025116025162,0.7826086956521712,intraday_1400_v1,t1_close_vs_1400_v1,2026-08-17 20:05:48
20260701,600150.SH,14:00,35.18,20260702,34.36,-0.023308698123934102,0,1,0,0,0.04113643089671504,0.006980147446939977,-0.019509476031215223,0.0454680534918277,0.0022713597891485405,113160922.0,3953405880.0,0.7186040866651828,0.2813959133348171,0.006980147446939977,0.011750000000000031,0.0006779661016949008,-11943.118644067798,0.06599585676235585,0.6860986547085195,intraday_1400_v1,t1_close_vs_1400_v1,2026-08-17 20:05:48
20251217,600150.SH,14:00,32.86,20251218,32.65,-0.0063907486305538885,0,1,0,0,0.005507955936352449,0.007716598334493785,-0.0006082725060828631,0.011699507389162589,0.0006973647887924174,32664422.0,1065133698.0,0.7228696408587912,0.27713035914120876,0.007716598334493785,-0.0008333333333333452,0.005254237288135632,1427.1186440677966,0.012239902080783528,0.9499999999999929,intraday_1400_v1,t1_close_vs_1400_v1,2026-08-17 20:05:48
20260310,600150.SH,14:00,37.13,20260311,36.56,-0.015351467815782338,0,1,0,0,-0.012499999999999956,-0.009203698911434466,-0.021865121180189573,0.0035135135135135886,0.0011516534222455982,58622983.0,2196890881.0,0.7056089929780612,0.2943910070219388,-0.009203698911434466,-0.0017500000000000072,-0.0037288135593220146,-15965.57627118644,0.025531914893617044,0.1354166666666692,intraday_1400_v1,t1_close_vs_1400_v1,2026-08-17 20:05:48
20260130,600150.SH,14:00,33.59,20260202,33.1,-0.014587674903245085,0,1,0,0,-0.02919075144508665,-0.0060652044254462245,-0.032267358110054656,0.011442336645588691,0.0012273432710006305,91114558.0,3079214066.0,0.8428002690854298,0.1571997309145702,-0.0060652044254462245,-0.008250000000000016,0.002033898305084823,-10275.745762711864,0.04335260115606936,0.253333333333335,intraday_1400_v1,t1_close_vs_1400_v1,2026-08-17 20:05:48
20260617,600150.SH,14:00,36.56,20260618,36.14,-0.01148796498905913,0,1,0,0,0.016120066703724456,-0.0006499532197800084,-0.015086206896551602,0.018952062430323213,0.0016882597482589697,81322093.0,2975069376.0,0.8165763515211051,0.18342364847889492,-0.0006499532197800084,0.004333333333333359,-0.0022033898305083973,-3551.7457627118642,0.03446359088382421,0.5483870967741956,intraday_1400_v1,t1_close_vs_1400_v1,2026-08-17 20:05:48
20260728,600150.SH,14:00,33.49,20260729,34.73,0.03702597790385176,1,0,0,0,0.011171497584541168,0.006063532970246088,-0.010927347903130435,0.017623822546338763,0.0013965829012798584,68634946.0,2284730801.0,0.8353821827149103,0.16461781728508973,0.006063532970246088,0.0021666666666667095,0.002203389830508518,-8387.35593220339,0.028683574879227142,0.6105263157894776,intraday_1400_v1,t1_close_vs_1400_v1,2026-08-17 20:05:48
20260804,600150.SH,14:00,34.59,20260805,35.2,0.01763515466897947,1,0,0,0,-0.009733753220727115,-0.000773825509238546,-0.013124108416547653,0.00552325581395352,0.0009099943746765399,55468399.0,1920137773.0,0.7764541392297982,0.22354586077020178,-0.000773825509238546,-0.0020833333333333333,-0.0006779661016949008,-5254.237288135593,0.01860864586315484,0.2923076923077004,intraday_1400_v1,t1_close_vs_1400_v1,2026-08-17 20:05:48
20260727,600150.SH,14:00,33.35,20260728,33.49,0.004197901049475261,1,0,0,0,0.0015015015015016342,0.0025422988954995063,-0.005961251862891093,0.012139605462822445,0.0012910063696073368,46571804.0,1549231055.0,0.808197788515987,0.19180221148401294,0.0025422988954995063,-0.0006666666666666524,0.002372881355932213,-8117.610169491525,0.018018018018017848,0.6666666666666706,intraday_1400_v1,t1_close_vs_1400_v1,2026-08-17 20:05:48
20260522,600150.SH,14:00,38.07,20260525,37.9,-0.0044654583661676295,0,1,0,0,-0.03473630831642993,-0.01599308967035662,-0.03571428571428559,0.00026274303730944304,0.0018886972351807596,75087650.0,2905047521.0,0.6431612255810376,0.3568387744189624,-0.01599308967035662,-0.006833333333333335,-0.010508474576271144,-25032.830508474577,0.03600405679513171,0.007042253521125386,intraday_1400_v1,t1_close_vs_1400_v1,2026-08-17 20:05:48
20260731,600150.SH,14:00,35.14,20260803,35.1,-0.0011383039271485318,0,1,1,0,0.023594523740169127,0.008130075790809155,-0.001988071570576566,0.027485380116959002,0.0014406187101825346,77301354.0,2694463388.0,0.7779396205660253,0.22206037943397472,0.008130075790809155,0.004166666666666667,0.004745762711864426,-2542.8813559322034,0.029420332071074806,0.9306930693069303,intraday_1400_v1,t1_close_vs_1400_v1,2026-08-17 20:05:48
20260304,600150.SH,14:00,38.46,20260305,38.76,0.007800312012480326,1,0,0,0,0.03137570394207567,0.00911615886193573,-0.010293360782295369,0.04567699836867867,0.002015466260670076,128306248.0,4890079556.0,0.815264132733427,0.184735867266573,0.00911615886193573,0.007749999999999997,0.00423728813559322,-27965.338983050846,0.05577902923035662,0.8076923076923083,intraday_1400_v1,t1_close_vs_1400_v1,2026-08-17 20:05:48
20251222,600150.SH,14:00,33.21,20251223,33.28,0.0021077988557662852,1,0,0,0,0.0015078407720146014,-0.0005598032023348409,-0.0038992201559688855,0.0036264732547597323,0.0005697869109089158,28761647.0,955709306.0,0.8168758903132355,0.18312410968676446,-0.0005598032023348409,0.0009166666666667212,-0.0016949152542373122,-6122.64406779661,0.007539203860072377,0.47999999999998977,intraday_1400_v1,t1_close_vs_1400_v1,2026-08-17 20:05:48
20260720,600150.SH,14:00,32.74,20260721,32.96,0.006719609040928498,1,0,0,0,0.014250309789343163,-0.00020522419057344976,-0.012665862484921409,0.019937694704049935,0.0017284190583189175,79249610.0,2595164822.0,0.6988073758344048,0.3011926241655953,-0.00020522419057344976,0.00408333333333335,-0.0018644067796610073,-2492.271186440678,0.03283767038413864,0.6037735849056637,intraday_1400_v1,t1_close_vs_1400_v1,2026-08-17 20:05:48
20260528,600150.SH,14:00,38.24,20260529,37.38,-0.022489539748953957,0,1,0,0,0.012980132450331139,0.013628175305395507,-0.0033880635913472457,0.031283710895361416,0.001823912104821287,74363492.0,2805427082.0,0.6311005271242507,0.3688994728757493,0.013628175305395507,-8.333333333337597e-05,0.009830508474576363,-12559.762711864407,0.034172185430463554,0.8992248062015539,intraday_1400_v1,t1_close_vs_1400_v1,2026-08-17 20:05:48
20260330,600150.SH,14:00,30.6,20260331,30.84,0.007843137254901933,1,0,0,0,0.008237232289950658,0.006570056659997325,-0.005847953216374213,0.01458885941644561,0.0012371858732138914,45166463.0,1373072603.0,0.8168898459018143,0.18311015409818565,0.006570056659997325,0.0009166666666666619,0.0011864406779661064,-9640.93220338983,0.02042833607907746,0.7096774193548396,intraday_1400_v1,t1_close_vs_1400_v1,2026-08-17 20:05:48
20260612,600150.SH,14:00,34.95,20260615,35.91,0.02746781115879804,1,0,0,0,0.007204610951008661,-0.005721772249057677,-0.020459641255605288,0.00894919168591235,0.001423734918547845,82633549.0,2904662354.0,0.7590710039574846,0.24092899604251536,-0.005721772249057677,0.005833333333333357,-0.006271186440677923,-26683.762711864405,0.02997118155619594,0.2980769230769255,intraday_1400_v1,t1_close_vs_1400_v1,2026-08-17 20:05:48
20260313,600150.SH,14:00,35.43,20260316,34.91,-0.014676827547276394,0,1,0,0,-0.012816940651992237,-0.007911343742339594,-0.015286270150083325,0.0008474576271186862,0.0010014651490413212,51107873.0,1825191659.0,0.6676491702168862,0.33235082978311387,-0.007911343742339594,-0.0018333333333333238,-0.003220338983050809,-12826.389830508475,0.016160490387294463,0.0517241379310366,intraday_1400_v1,t1_close_vs_1400_v1,2026-08-17 20:05:48
20260420,600150.SH,14:00,35.21,20260421,36.32,0.031525134904856644,1,0,0,0,0.06310386473429963,0.02566844613466457,-0.005928853754940788,0.06406769416742208,0.0022090141828033398,145676677.0,5000910203.0,0.5239326196327226,0.4760673803672773,0.02566844613466457,0.006750000000000019,0.019322033898305096,-472.7118644067797,0.07035024154589367,0.9098712446351928,intraday_1400_v1,t1_close_vs_1400_v1,2026-08-17 20:05:48
20260212,600150.SH,14:00,36.1,20260213,36.35,0.006925207756232732,1,0,0,0,0.03586800573888094,0.009064876739571348,-0.010416666666666519,0.0406457192274432,0.0015183343565455033,126504424.0,4525784032.0,0.8494180962398595,0.15058190376014044,0.009064876739571348,0.011583333333333338,-0.0018644067796610073,-20338.050847457627,0.051362984218077445,0.7877094972067064,intraday_1400_v1,t1_close_vs_1400_v1,2026-08-17 20:05:48
20260106,600150.SH,14:00,34.97,20260107,34.47,-0.014297969688304213,0,1,0,0,0.01953352769679295,0.007869753813113167,-0.0025670279520821904,0.021618463336254834,0.0008860297485833218,70649426.0,2451319149.0,0.6409572244790779,0.3590427755209221,0.007869753813113167,0.0034166666666666976,0.0028813559322034186,-49674.52542372881,0.024198250728863134,0.8915662650602375,intraday_1400_v1,t1_close_vs_1400_v1,2026-08-17 20:05:48
20260605,600150.SH,14:00,36.17,20260608,34.83,-0.0370472767486868,0,1,0,0,-0.01711956521739122,-0.012715010496545998,-0.02716514254975788,0.0005532503457814641,0.0016176255843475835,62424987.0,2286990893.0,0.7482861470199426,0.2517138529800575,-0.012715010496545998,-0.0013333333333333049,-0.007457627118644029,2083.3050847457625,0.02798913043478264,0.019417475728158353,intraday_1400_v1,t1_close_vs_1400_v1,2026-08-17 20:05:48
20260407,600150.SH,14:00,32.08,20260408,32.42,0.010598503740648413,1,0,0,0,0.05008183306055636,0.01423969477182463,-0.006503561474140662,0.05008183306055636,0.001878266544723001,94168867.0,2978523981.0,0.8424001427138335,0.15759985728616657,0.01423969477182463,0.011249999999999982,0.0028813559322033587,-7312.949152542373,0.05695581014729946,0.8793103448275856,intraday_1400_v1,t1_close_vs_1400_v1,2026-08-17 20:05:48
20260702,600150.SH,14:00,34.53,20260703,37.15,0.07587604981175788,1,0,0,0,-0.019869429463525323,-0.01922795288582957,-0.04692243996687817,0.0005795421616923147,0.00216634660949029,86566177.0,3047731734.0,0.8114572738957849,0.18854272610421505,-0.01922795288582957,-0.003416666666666638,-0.005254237288135632,-13954.762711864407,0.04882202668180525,0.01162790697674601,intraday_1400_v1,t1_close_vs_1400_v1,2026-08-17 20:05:48
20260526,600150.SH,14:00,38.33,20260527,38.02,-0.008087659796503943,0,1,0,0,0.01563328033916256,0.009936903207167669,-0.009048603929679433,0.032875235785502444,0.0016925207445776722,74635237.0,2832621152.0,0.8084734962387806,0.19152650376121938,0.009936903207167669,0.0014999999999999976,0.00457627118644061,-4898.661016949152,0.041600423953365134,0.7770700636942667,intraday_1400_v1,t1_close_vs_1400_v1,2026-08-17 20:05:48
20260507,600150.SH,14:00,40.62,20260508,41.15,0.013047759724273744,1,0,0,0,-0.009026591851671206,-0.007290015420272633,-0.031242547102313445,0.005943536404160454,0.001560347098021427,102314438.0,4186532357.0,0.7293064151903957,0.2706935848096043,-0.007290015420272633,-0.0028333333333333617,-0.0010169491525424115,-20574.542372881355,0.03781410100024389,0.15483870967741634,intraday_1400_v1,t1_close_vs_1400_v1,2026-08-17 20:05:48
20260209,600150.SH,14:00,34.07,20260210,34.8,0.02142647490460803,1,0,0,0,-0.004092370651856192,7.627981692093222e-05,-0.008440046565774129,0.004126142057176541,0.000697333061832982,33806729.0,1151707405.0,0.7497210392641063,0.25027896073589373,7.627981692093222e-05,-0.0014999999999999976,0.0016949152542373122,-17785.898305084746,0.012569424144986838,0.32558139534883873,intraday_1400_v1,t1_close_vs_1400_v1,2026-08-17 20:05:48
20260113,600150.SH,14:00,36.1,20260114,35.73,-0.010249307479224479,0,1,0,0,0.0,0.006168856368913955,-0.0055096418732780705,0.016901408450704203,0.0011708179918139502,72600304.0,2604802323.0,0.707550563424638,0.292449436575362,0.006168856368913955,-0.0014999999999999976,0.002372881355932213,441.52542372881356,0.02216066481994452,0.7500000000000044,intraday_1400_v1,t1_close_vs_1400_v1,2026-08-17 20:05:48
20260520,600150.SH,14:00,38.75,20260521,38.4,-0.00903225806451613,0,1,0,0,0.03416066186282363,0.010149127612157471,-0.010217113665389466,0.04503775620280481,0.0017656881957137317,92103732.0,3533161112.0,0.7984440087617731,0.20155599123822693,0.010149127612157471,0.008000000000000007,0.004745762711864426,-11106.677966101695,0.05524419535628504,0.8067632850241553,intraday_1400_v1,t1_close_vs_1400_v1,2026-08-17 20:05:48
20260601,600150.SH,14:00,36.8,20260602,36.45,-0.009510869565217184,0,1,0,0,-0.015516318887105585,-0.010215170534524032,-0.022056869519000988,0.0008158825129180869,0.0015086835962543309,60083190.0,2233880866.0,0.801683316082252,0.19831668391774804,-0.010215170534524032,-0.0025000000000000356,-0.005593220338983142,-5785.220338983051,0.023006955591225238,0.03488372093022564,intraday_1400_v1,t1_close_vs_1400_v1,2026-08-17 20:05:48
20260616,600150.SH,14:00,35.92,20260617,37.15,0.03424276169265017,1,0,0,0,0.0,-0.0020165696551378565,-0.01562071800493281,0.012972363226170458,0.0014585516183759945,63080274.0,2270421906.0,0.7173624832384209,0.28263751676157906,-0.0020165696551378565,0.0009999999999999788,-0.0022033898305083973,-23861.01694915254,0.028674832962138116,0.4466019417475732,intraday_1400_v1,t1_close_vs_1400_v1,2026-08-17 20:05:48
20260323,600150.SH,14:00,31.08,20260324,31.58,0.01608751608751602,1,0,0,0,-0.04339796860572498,-0.017725041206487657,-0.0436923076923077,0.00355182434614143,0.0019261082089086544,112298119.0,3553206266.0,0.7658361223307757,0.23416387766922436,-0.017725041206487657,-0.00841666666666668,-0.006271186440677983,-12448.050847457627,0.0470914127423823,0.07189542483660089,intraday_1400_v1,t1_close_vs_1400_v1,2026-08-17 20:05:48
20251106,600150.SH,14:00,35.9,20251107,35.81,-0.002506963788300731,0,1,0,0,-0.005264616237184994,-0.003931024950789008,-0.0096551724137931,0.0016741071428569843,0.000704452748996135,46346555.0,1670407739.0,0.7463556676434743,0.2536443323565257,-0.003931024950789008,0.0003333333333333262,-0.00423728813559322,-2245.3728813559323,0.011360487669714507,0.1463414634146236,intraday_1400_v1,t1_close_vs_1400_v1,2026-08-17 20:05:48
20251113,600150.SH,14:00,34.47,20251114,34.31,-0.004641717435451054,0,1,0,0,0.00029019152640730184,-0.001143599747677193,-0.00346921075455342,0.0011617775196048896,0.00040121095050142316,32488959.0,1121176594.0,0.7127289612449571,0.2872710387550429,-0.001143599747677193,0.000500000000000019,-0.0008474576271187164,-4530.1016949152545,0.004643064422518969,0.2499999999999889,intraday_1400_v1,t1_close_vs_1400_v1,2026-08-17 20:05:48
20260225,600150.SH,14:00,38.02,20260226,38.11,0.002367175170962632,1,0,0,0,0.02369413031771672,0.0037646702141052035,-0.007310704960835301,0.024245689655172598,0.0013623597555844913,128011455.0,4848741606.0,0.8021204821084176,0.19787951789158242,0.0037646702141052035,0.006750000000000019,0.0003389830508475106,-20708.28813559322,0.03177167474421109,0.7627118644067846,intraday_1400_v1,t1_close_vs_1400_v1,2026-08-17 20:05:48
20260729,600150.SH,14:00,34.74,20260730,34.63,-0.0031663788140472438,0,1,0,0,0.024778761061946986,0.012323250156317966,-0.0062929061784896545,0.031166518254675202,0.0017209358170742633,116734886.0,4006002963.0,0.8064119581185011,0.1935880418814989,0.012323250156317966,0.007000000000000029,0.0037288135593220146,-16851.77966101695,0.037463126843657914,0.8267716535433084,intraday_1400_v1,t1_close_vs_1400_v1,2026-08-17 20:05:48
20260120,600150.SH,14:00,35.48,20260121,35.27,-0.005918827508455293,0,1,0,0,-0.006162464985994598,-0.003606814337146269,-0.015811373092926462,0.003677510608203649,0.0010675882707901682,45686481.0,1626823998.0,0.7626753086979932,0.2373246913020068,-0.003606814337146269,-0.0016666666666666904,-0.00016949152542381553,-4214.169491525424,0.01960784313725478,0.18571428571428034,intraday_1400_v1,t1_close_vs_1400_v1,2026-08-17 20:05:48
20260506,600150.SH,14:00,40.96,20260507,40.61,-0.008544921875,0,1,0,0,-0.0014627011214042307,0.014403035936582764,-0.013487475915221592,0.030699547055863086,0.0022075622500701796,191325659.0,7725429356.0,0.8502831708526873,0.14971682914731266,0.014403035936582764,-0.0020000000000000165,0.0035593220338983197,-6035.881355932203,0.04339346660165775,0.6853932584269652,intraday_1400_v1,t1_close_vs_1400_v1,2026-08-17 20:05:48
20260415,600150.SH,14:00,32.66,20260416,32.72,0.001837109614207133,1,0,1,0,-0.01626506024096408,-0.004590801573531422,-0.01626506024096408,0.0018404907975457796,0.0008490260894756758,39631965.0,1300349624.0,0.7680565674702226,0.23194343252977742,-0.004590801573531422,-0.002666666666666669,-0.0025423728813560287,-2006.5593220338983,0.018072289156626547,0.0999999999999917,intraday_1400_v1,t1_close_vs_1400_v1,2026-08-17 20:05:48
20260318,600150.SH,14:00,34.31,20260319,34.16,-0.00437190323520853,0,1,0,0,-0.004352872896111415,0.001972104524708973,-0.00723379629629628,0.008524397413286255,0.000828890841582298,48676941.0,1666818705.0,0.7669079287459744,0.2330920712540256,0.001972104524708973,-0.0025000000000000356,0.002203389830508518,-5380.033898305085,0.015670342426001134,0.5370370370370363,intraday_1400_v1,t1_close_vs_1400_v1,2026-08-17 20:05:48
20260116,600150.SH,14:00,35.35,20260119,35.75,0.011315417256011262,1,0,0,0,-0.018873161254510107,-0.007740701002274308,-0.01941747572815522,0.0017001983564750578,0.0008166046398133363,59198318.0,2108985568.0,0.7258195579137907,0.2741804420862093,-0.007740701002274308,-0.005250000000000021,-0.0020338983050847024,-29273.915254237287,0.021093533166805383,0.07894736842105583,intraday_1400_v1,t1_close_vs_1400_v1,2026-08-17 20:05:48
20251126,600150.SH,14:00,34.24,20251127,34.14,-0.0029205607476635587,0,1,0,0,-0.014959723820483162,-0.0023017754439074167,-0.01552616446233468,0.003811199061858783,0.0007839442466067171,67547293.0,2318155185.0,0.8789015127519618,0.1210984872480382,-0.0023017754439074167,-0.004416666666666676,-0.0001694915254236951,-3989.406779661017,0.019275028768699704,0.194029850746272,intraday_1400_v1,t1_close_vs_1400_v1,2026-08-17 20:05:48
20260213,600150.SH,14:00,36.45,20260224,37.32,0.02386831275720147,1,0,0,0,0.015320334261838653,0.0007441540575849892,-0.008163265306122325,0.016169500975745876,0.0012643990444590706,100221271.0,3650348906.0,0.834289040297643,0.165710959702357,0.0007441540575849892,0.006333333333333317,-0.00457627118644061,-24664.762711864405,0.024512534818941577,0.6590909090909133,intraday_1400_v1,t1_close_vs_1400_v1,2026-08-17 20:05:48
20251208,600150.SH,14:00,33.83,20251209,34.56,0.021578480638486663,1,0,0,0,-0.0005908419497785422,-0.006810837473401055,-0.015138282387190727,0.0008875739644971237,0.0007474107652405823,36670156.0,1249058512.0,0.7739012072923824,0.2260987927076176,-0.006810837473401055,0.0003333333333333262,-0.0011864406779661064,9.525423728813559,0.01624815361890707,0.05454545454545619,intraday_1400_v1,t1_close_vs_1400_v1,2026-08-17 20:05:48
20260814,600150.SH,14:00,33.5,20260817,33.65,0.004477611940298498,1,0,0,0,-0.007407407407407418,-0.005697411162864263,-0.02018133957297452,0.005100510051005092,0.0010668585190618152,58370484.0,1966615833.0,0.7155405632750964,0.28445943672490365,-0.005697411162864263,-0.0011666666666666713,-0.0003389830508475106,-13324.525423728814,0.025481481481481466,0.19767441860465326,intraday_1400_v1,t1_close_vs_1400_v1,2026-08-17 20:05:48
20260303,600150.SH,14:00,37.83,20260304,38.56,0.019296854348400894,1,0,0,0,-0.012529365700861494,-0.010043375437036928,-0.03173790632198625,0.004514073287307463,0.0014963647237000853,96153331.0,3674383727.0,0.7874553404707321,0.2125446595292679,-0.010043375437036928,-0.0010833333333333548,-0.006949152542372944,-19605.15254237288,0.03680501174628044,0.12056737588652572,intraday_1400_v1,t1_close_vs_1400_v1,2026-08-17 20:05:48
20260423,600150.SH,14:00,38.63,20260424,38.8,0.004400724825265101,1,0,0,0,0.05777656078860893,0.023838841165488844,-0.0071960935492160205,0.05806628321007956,0.002138827953929323,198841608.0,7502402730.0,0.5599787897510867,0.4400212102489133,0.023838841165488844,0.004833333333333379,0.02508474576271193,-25024.389830508473,0.06571741511500544,0.8833333333333357,intraday_1400_v1,t1_close_vs_1400_v1,2026-08-17 20:05:48
20260519,600150.SH,14:00,37.57,20260520,38.7,0.030077189246739522,1,0,0,0,-0.021614583333333326,-0.003081532395401876,-0.024662512980270113,0.005890227576974549,0.0013426429274346265,73049777.0,2752963468.0,0.7702335627937645,0.2297664372062354,-0.003081532395401876,-0.006500000000000009,0.0011864406779661064,-9688.610169491525,0.030468750000000044,0.18803418803418678,intraday_1400_v1,t1_close_vs_1400_v1,2026-08-17 20:05:48
20260112,600150.SH,14:00,36.16,20260113,35.85,-0.008573008849557362,0,1,0,0,0.010338083263481401,0.0015422043387633977,-0.006593406593406681,0.010338083263481401,0.001262305621821438,75713325.0,2733578096.0,0.7724667751680434,0.2275332248319566,0.0015422043387633977,0.0025833333333333524,0.0001694915254236951,-17235.542372881355,0.01704386700195584,0.6065573770491767,intraday_1400_v1,t1_close_vs_1400_v1,2026-08-17 20:05:48
20260128,600150.SH,14:00,34.68,20260129,34.57,-0.003171856978085308,0,1,0,0,-0.009991435912075408,-0.010482422885208953,-0.02993006993006997,0.0011547344110853786,0.0011652062998870902,77314459.0,2709669338.0,0.7328031616957962,0.2671968383042039,-0.010482422885208953,-0.0008333333333333452,-0.0027118644067797236,-38701.016949152545,0.03168712532115328,0.036036036036035286,intraday_1400_v1,t1_close_vs_1400_v1,2026-08-17 20:05:48
20251107,600150.SH,14:00,35.95,20251110,35.23,-0.020027816411683053,0,1,0,0,-0.0002780867630700623,-0.011837487306316286,-0.024423337856173677,0.0041899441340784715,0.0014284627301552493,103169706.0,3753381537.0,0.7438306647883633,0.25616933521163665,-0.011837487306316286,0.002749999999999986,-0.004745762711864306,-7457.322033898305,0.029199110122358294,0.14285714285714768,intraday_1400_v1,t1_close_vs_1400_v1,2026-08-17 20:05:48
20260127,600150.SH,14:00,35.21,20260128,34.69,-0.014768531667140095,0,1,0,0,-0.003396546844041781,0.004972248018651371,-0.003960396039603964,0.012654587287891816,0.001129682146170616,50700038.0,1776316054.0,0.7949891280160382,0.20501087198396184,0.004972248018651371,-0.003083333333333312,0.002542372881355908,-11663.627118644068,0.016416643079535758,0.7586206896551707,intraday_1400_v1,t1_close_vs_1400_v1,2026-08-17 20:05:48
20251219,600150.SH,14:00,32.88,20251222,33.17,0.008819951338199461,1,0,0,0,0.007044410413476365,0.000813555944350286,-0.003032140691327956,0.008279668813247598,0.0005994388165908554,26967625.0,885974720.0,0.7444094910100537,0.2555905089899463,0.000813555944350286,0.002250000000000026,-0.0006779661016949008,-1532.2542372881355,0.011332312404287824,0.7297297297297433,intraday_1400_v1,t1_close_vs_1400_v1,2026-08-17 20:05:48
20260430,600150.SH,14:00,41.96,20260506,41.18,-0.018589132507149664,0,1,0,0,-0.024186046511627923,-0.01180787960251306,-0.033625057577153394,0.006235011990407546,0.002653232586596219,195824952.0,8314997475.0,0.8215839011159314,0.17841609888406867,-0.01180787960251306,-0.007000000000000029,-0.0020338983050847024,-7494.864406779661,0.03999999999999997,0.15116279069767335,intraday_1400_v1,t1_close_vs_1400_v1,2026-08-17 20:05:48
20260515,600150.SH,14:00,40.28,20260518,38.17,-0.05238331678252228,0,1,0,0,-0.012745098039215641,-0.017597004806464978,-0.03312530004800762,0.0007453416149068026,0.0015784093677560331,78551828.0,3220743063.0,0.784699332522217,0.21530066747778295,-0.017597004806464978,-0.000500000000000019,-0.007627118644067724,-21694.881355932204,0.034558823529411684,0.021276595744681708,intraday_1400_v1,t1_close_vs_1400_v1,2026-08-17 20:05:48
20260622,600150.SH,14:00,37.05,20260623,35.81,-0.03346828609986496,0,1,0,0,0.03203342618384397,0.015270765208140746,-0.0040322580645162365,0.04366197183098586,0.0021983489978613076,100662031.0,3673432129.0,0.700945314723483,0.299054685276517,0.015270765208140746,0.0056666666666666645,0.006440677966101618,-15718.559322033898,0.047353760445682534,0.9117647058823497,intraday_1400_v1,t1_close_vs_1400_v1,2026-08-17 20:05:48
20251226,600150.SH,14:00,33.72,20251229,33.54,-0.005338078291814985,0,1,0,0,-0.0011848341232226778,-0.00011536667766742781,-0.0047225501770957745,0.006266786034019756,0.0006603603367905817,34764566.0,1172396421.0,0.7621147348711329,0.23788526512886712,-0.00011536667766742781,-0.0013333333333333049,0.0011864406779661064,-7617.949152542373,0.010959715639810562,0.5675675675675629,intraday_1400_v1,t1_close_vs_1400_v1,2026-08-17 20:05:48
20260203,600150.SH,14:00,34.53,20260204,35.11,0.016796988126267065,1,0,0,0,0.03383233532934149,0.013842989182026422,-0.0051858254105444646,0.03818400481058348,0.0014308273199072153,114130457.0,3887115384.0,0.6195753951988469,0.38042460480115314,0.013842989182026422,0.0056666666666666645,0.006101694915254228,-32829.96610169492,0.043413173652694696,0.8758620689655177,intraday_1400_v1,t1_close_vs_1400_v1,2026-08-17 20:05:48
20251203,600150.SH,14:00,33.97,20251204,33.5,-0.013835737415366478,0,1,0,0,-0.007015492546039281,-0.0022938058274946105,-0.01077460687245213,0.0005891016200292309,0.0005788238612936048,40580540.0,1381690273.0,0.8148166091432002,0.18518339085679983,-0.0022938058274946105,-0.0018333333333333238,0.0001694915254236951,-12247.898305084746,0.011400175387313667,0.051282051282041004,intraday_1400_v1,t1_close_vs_1400_v1,2026-08-17 20:05:48
20251215,600150.SH,14:00,33.88,20251216,32.81,-0.031582054309327035,0,1,0,0,-0.007033997655333968,-0.003929878883546345,-0.010514018691588745,0.0008862629246677578,0.0006579883345146643,31748986.0,1079899520.0,0.7008674859726228,0.2991325140273771,-0.003929878883546345,-0.001249999999999988,-0.0011864406779661064,-8152.169491525424,0.011430246189917954,0.07692307692307973,intraday_1400_v1,t1_close_vs_1400_v1,2026-08-17 20:05:48
20260202,600150.SH,14:00,33.24,20260203,34.62,0.041516245487364545,1,0,0,0,-0.01364985163204746,-0.01626765513957995,-0.035403366221706256,0.005748865355521993,0.0013561504765558865,79122658.0,2673529203.0,0.7193525905057436,0.2806474094942564,-0.01626765513957995,-0.0015833333333333736,-0.0028813559322032984,-16177.50847457627,0.04183976261127607,0.13475177304964847,intraday_1400_v1,t1_close_vs_1400_v1,2026-08-17 20:05:48
20260603,600150.SH,14:00,36.4,20260604,36.89,0.013461538461538414,1,0,0,0,-0.003012873185428644,-0.004379601144916645,-0.016216216216216273,0.0027548209366392573,0.001134179789602458,46227875.0,1690096599.0,0.7691194760736894,0.2308805239263107,-0.004379601144916645,-0.0003333333333333262,-0.002372881355932213,-17718.813559322032,0.019172829361818758,0.14285714285714432,intraday_1400_v1,t1_close_vs_1400_v1,2026-08-17 20:05:48
20260413,600150.SH,14:00,32.72,20260414,33.0,0.008557457212714059,1,0,0,0,0.010812480691998916,0.008188797011524418,-0.003350593968930893,0.015203226807322334,0.0009285174723199641,43407879.0,1408769672.0,0.6586621290572617,0.3413378709427383,0.008188797011524418,-8.333333333331676e-05,0.004915254237288121,-3406.084745762712,0.01853568118628364,0.8166666666666681,intraday_1400_v1,t1_close_vs_1400_v1,2026-08-17 20:05:48
20251205,600150.SH,14:00,33.75,20251208,33.74,-0.000296296296296239,0,1,1,0,0.005661501787842527,0.003351229253299781,-0.0014792899408283544,0.008064516129032251,0.0006962573041140179,23885533.0,803444213.0,0.6848874169983982,0.31511258300160183,0.003351229253299781,0.0009166666666666619,0.0011864406779661064,5015.169491525424,0.009535160905840294,0.843750000000009,intraday_1400_v1,t1_close_vs_1400_v1,2026-08-17 20:05:48
20260417,600150.SH,14:00,32.93,20260420,35.28,0.07136349832979061,1,0,0,0,0.00981294081570061,0.009931216049761327,-0.005736714975845381,0.02140198511166247,0.0011345901885562175,49637434.0,1618487156.0,0.6256940276163349,0.37430597238366514,0.009931216049761327,0.0,0.004915254237288121,-6223.050847457627,0.0269855872431768,0.7840909090909105,intraday_1400_v1,t1_close_vs_1400_v1,2026-08-17 20:05:48
20260421,600150.SH,14:00,36.28,20260422,36.48,0.005512679162072542,1,0,0,0,0.023702031602709006,0.006917932986990838,-0.009013930620049071,0.023702031602709006,0.002091860088758575,128570328.0,4632484284.0,0.64047905361181,0.35952094638819,0.006917932986990838,0.0014166666666666809,0.005593220338983022,-44506.101694915254,0.03301354401805874,0.7179487179487198,intraday_1400_v1,t1_close_vs_1400_v1,2026-08-17 20:05:48
20260724,600150.SH,14:00,33.19,20260727,33.53,0.01024404941247381,1,0,0,0,-0.01513353115727023,-0.008875434524486359,-0.020076764098021838,0.0006029544769368123,0.0013344142031685667,56165449.0,1880824386.0,0.7228817488844431,0.2771182511155568,-0.008875434524486359,-0.0020000000000000165,-0.00389830508474583,1308.4745762711864,0.020771513353115598,0.02857142857142306,intraday_1400_v1,t1_close_vs_1400_v1,2026-08-17 20:05:48
20260803,600150.SH,14:00,34.91,20260804,34.48,-0.012317387568032023,0,1,0,0,-0.0031410622501429897,0.0023249128266342733,-0.005413105413105579,0.00837666088965916,0.0010231671915505384,49034713.0,1707831272.0,0.7874337104817969,0.21256628951820317,0.0023249128266342733,-0.0023333333333333426,0.004067796610169405,-34149.69491525424,0.013706453455168587,0.6041666666666599,intraday_1400_v1,t1_close_vs_1400_v1,2026-08-17 20:05:48
20251110,600150.SH,14:00,35.28,20251111,34.82,-0.0130385487528345,0,1,0,0,-0.010656197420078395,0.002123449103384356,-0.010656197420078395,0.010309278350515427,0.0010884591553926002,79064055.0,2783469305.0,0.85125565593619,0.14874434406381004,0.002123449103384356,-0.004499999999999993,0.0005084745762712057,-12603.694915254237,0.020751542344363293,0.48648648648648907,intraday_1400_v1,t1_close_vs_1400_v1,2026-08-17 20:05:48
20260529,600150.SH,14:00,37.47,20260601,36.74,-0.019482252468641548,0,1,0,0,-0.013947368421052708,-0.00899030074424545,-0.025741029641185742,0.004019292604501512,0.0017287641131380732,55346641.0,2092652211.0,0.8086601678320461,0.19133983216795397,-0.00899030074424545,-0.002499999999999976,-0.006949152542372944,-6953.745762711865,0.030000000000000016,0.13157894736841974,intraday_1400_v1,t1_close_vs_1400_v1,2026-08-17 20:05:48
20260319,600150.SH,14:00,34.36,20260320,33.15,-0.03521536670547154,0,1,0,0,0.005560433128475095,-0.0009694744624451079,-0.010083549409392156,0.007624633431084993,0.0013145485533190761,59148459.0,2034313266.0,0.7728558744024083,0.22714412559759165,-0.0009694744624451079,0.0014166666666666809,0.002542372881355908,-19297.389830508473,0.01785191688615743,0.42622950819671845,intraday_1400_v1,t1_close_vs_1400_v1,2026-08-17 20:05:48
20260324,600150.SH,14:00,31.23,20260325,31.85,0.019852705731668197,1,0,0,0,-0.009200507614213205,-0.005751067901909712,-0.01575795776867317,0.004180064308681564,0.0012790046698082317,59237460.0,1860686812.0,0.793045718030449,0.206954281969551,-0.005751067901909712,0.0007499999999999988,-0.005254237288135572,-6098.525423728814,0.01998730964467002,0.2063492063492051,intraday_1400_v1,t1_close_vs_1400_v1,2026-08-17 20:05:48
20260424,600150.SH,14:00,38.71,20260427,38.41,-0.007749935417204923,0,1,0,0,0.0028497409326424528,0.002831788179940453,-0.012500000000000067,0.018416206261510304,0.0015219341234918398,131967345.0,5094030709.0,0.8432927706471628,0.15670722935283726,0.002831788179940453,0.0020000000000000165,-0.0028813559322034186,-43899.05084745763,0.030829015544041573,0.5882352941176471,intraday_1400_v1,t1_close_vs_1400_v1,2026-08-17 20:05:48
20260608,600150.SH,14:00,34.88,20260609,34.65,-0.006594036697247785,0,1,0,0,-0.00993471473176255,-0.013488802576090198,-0.03593145384190155,0.008092485549132888,0.0016379705221004125,69161240.0,2445328606.0,0.6591180840598,0.3408819159402,-0.013488802576090198,0.0014999999999999976,-0.007118644067796519,-18271.372881355932,0.044848140789100155,0.17721518987341864,intraday_1400_v1,t1_close_vs_1400_v1,2026-08-17 20:05:48
20260211,600150.SH,14:00,35.05,20260212,36.06,0.028815977175463692,1,0,0,0,0.008633093525179714,-0.0017783810899781871,-0.01100451467268626,0.0141782407407407,0.0014056871900297618,72845742.0,2557791986.0,0.773481393051086,0.22651860694891404,-0.0017783810899781871,0.003583333333333331,-0.004576271186440731,-42968.338983050846,0.025323741007194114,0.5568181818181789,intraday_1400_v1,t1_close_vs_1400_v1,2026-08-17 20:05:48
20260408,600150.SH,14:00,32.27,20260409,32.23,-0.0012395413696933977,0,1,1,0,0.000309981401116044,0.005268852310859717,-0.00493370336108534,0.014460861364350874,0.0011448124423020967,80125806.0,2572107704.0,0.6955423075556956,0.3044576924443044,0.005268852310859717,-0.0020833333333333333,0.0035593220338983197,140.35593220338984,0.01921884686918788,0.7419354838709736,intraday_1400_v1,t1_close_vs_1400_v1,2026-08-17 20:05:48
20260730,600150.SH,14:00,34.52,20260731,35.18,0.019119351100810977,1,0,0,0,-0.003176436615651146,0.0007599920318459574,-0.006046645551396335,0.005827505827505908,0.0011314456779285887,63298695.0,2183411576.0,0.7932750746283158,0.20672492537168422,0.0007599920318459574,-0.001000000000000038,0.001355932203389922,-13272.440677966102,0.011839445567426986,0.48780487804879147,intraday_1400_v1,t1_close_vs_1400_v1,2026-08-17 20:05:48
20260325,600150.SH,14:00,31.76,20260326,30.67,-0.03431989924433254,0,1,0,0,-0.0015718327569945734,-0.0019055416104680756,-0.009357454772301987,0.0037926675094817064,0.0008664910392862814,56952622.0,1812268628.0,0.7732111789339567,0.22678882106604328,-0.0019055416104680756,-0.0011666666666666418,0.001525423728813557,-8914.237288135593,0.013203395158755163,0.2857142857142869,intraday_1400_v1,t1_close_vs_1400_v1,2026-08-17 20:05:48
20251124,600150.SH,14:00,35.36,20251125,34.93,-0.012160633484162853,0,1,0,0,0.03482587064676612,0.005487918527485203,-0.003663003663003761,0.036950146627565905,0.0015705259844513528,106696923.0,3752211367.0,0.8369891510367173,0.16301084896328266,0.005487918527485203,0.009333333333333312,0.0003389830508473902,-16959.186440677968,0.04067895815042436,0.9064748201438831,intraday_1400_v1,t1_close_vs_1400_v1,2026-08-17 20:05:48
20260309,600150.SH,14:00,37.46,20260310,37.0,-0.012279765082754968,0,1,0,0,-0.030538302277432705,-0.009437584222787399,-0.03403816400206294,0.0056375838926174815,0.0013128470144475482,99168858.0,3750258804.0,0.7356980857841481,0.2643019142158519,-0.009437584222787399,-0.00791666666666669,-0.0016949152542373122,-13281.338983050848,0.03959627329192549,0.13725490196078477,intraday_1400_v1,t1_close_vs_1400_v1,2026-08-17 20:05:48
20260709,600150.SH,14:00,35.63,20260710,37.04,0.03957339320797071,1,0,0,0,-0.01000277854959708,0.0027803437387585728,-0.02730002730002734,0.018000000000000016,0.002040307890599643,90599939.0,3219125551.0,0.8080246831071266,0.1919753168928734,0.0027803437387585728,-0.005583333333333347,0.0035593220338983197,-8758.186440677966,0.045290358432898095,0.38650306748466356,intraday_1400_v1,t1_close_vs_1400_v1,2026-08-17 20:05:48
20260708,600150.SH,14:00,36.49,20260709,36.06,-0.011784050424773929,0,1,0,0,-0.022240085744908877,0.0040530673121361716,-0.022240085744908877,0.029046813310772635,0.0023928249380992584,114045436.0,4144719134.0,0.8662337000491629,0.13376629995083714,0.0040530673121361716,-0.0032500000000000046,-0.005423728813559327,-11959.35593220339,0.04983922829581992,0.5537634408602158,intraday_1400_v1,t1_close_vs_1400_v1,2026-08-17 20:05:48
20260706,600150.SH,14:00,37.84,20260707,37.33,-0.013477801268499068,0,1,0,0,0.024086603518267857,0.003543408779395296,-0.006563402467839374,0.024086603518267857,0.002395980402630151,126652324.0,4775602030.0,0.8075328487458312,0.19246715125416886,0.003543408779395296,0.003999999999999974,0.005084745762711937,-25590.305084745763,0.030852503382949946,0.780701754385965,intraday_1400_v1,t1_close_vs_1400_v1,2026-08-17 20:05:48
20260723,600150.SH,14:00,33.69,20260724,33.06,-0.018699910952804877,0,1,0,0,0.012623985572587815,0.01173087674021267,-0.005314437555358764,0.030905752753978,0.001472628469128489,89620464.0,2984304919.0,0.7192788914817491,0.28072110851825094,0.01173087674021267,0.001249999999999988,0.00423728813559322,-4742.067796610169,0.03576795912233236,0.8487394957983193,intraday_1400_v1,t1_close_vs_1400_v1,2026-08-17 20:05:48
20260807,600150.SH,14:00,34.8,20260810,34.83,0.0008620689655172153,1,0,1,0,-0.002865329512893977,-0.005438176739902212,-0.015558698727015652,0.0063620589936379535,0.00114343318632256,76545375.0,2678344360.0,0.6560693444901146,0.3439306555098855,-0.005438176739902212,0.0009999999999999788,-0.0016949152542373122,-16681.35593220339,0.022063037249283757,0.2857142857142831,intraday_1400_v1,t1_close_vs_1400_v1,2026-08-17 20:05:48
20251111,600150.SH,14:00,34.9,20251112,34.46,-0.012607449856733455,0,1,0,0,-0.013566986998304276,-0.0060803130462540045,-0.019387468389997276,0.002585463947141431,0.0006830656420665731,56250135.0,1975139176.0,0.7203497200495608,0.27965027995043923,-0.0060803130462540045,-0.0035000000000000144,-0.0008474576271187164,-2886.2033898305085,0.022046353872244236,0.11538461538461048,intraday_1400_v1,t1_close_vs_1400_v1,2026-08-17 20:05:48
20251112,600150.SH,14:00,34.36,20251113,34.6,0.006984866123399325,1,0,0,0,-0.012075905692927047,-0.004398038201502308,-0.012075905692927047,0.0026262036766850905,0.0006730917277021896,49149047.0,1696221301.0,0.7037568195371112,0.2962431804628887,-0.004398038201502308,-0.003083333333333371,0.0003389830508473902,-25654.694915254237,0.014663599769982692,0.17647058823528755,intraday_1400_v1,t1_close_vs_1400_v1,2026-08-17 20:05:48
20260805,600150.SH,14:00,35.2,20260806,34.9,-0.008522727272727404,0,1,0,0,0.01763515466897947,0.010505318994553203,-0.0028328611898015277,0.029239766081871288,0.0011486006638712326,77940758.0,2714992816.0,0.7163758787154726,0.2836241212845274,0.010505318994553203,0.003833333333333281,0.00389830508474583,-9928.305084745763,0.03180109858340544,0.9090909090909138,intraday_1400_v1,t1_close_vs_1400_v1,2026-08-17 20:05:48
20260316,600150.SH,14:00,34.87,20260317,34.4,-0.013478634929738997,0,1,0,0,-0.020505617977528146,-0.0027785228956273,-0.020780679584386452,0.006930407161420682,0.0012791215399205647,68079139.0,2380533945.0,0.8325236163753481,0.1674763836246519,-0.0027785228956273,-0.005916666666666673,-0.0003389830508475106,-18663.372881355932,0.02752808988764036,0.24489795918366902,intraday_1400_v1,t1_close_vs_1400_v1,2026-08-17 20:05:48
20260204,600150.SH,14:00,34.96,20260205,34.66,-0.00858123569794067,0,1,0,0,0.013627138300956743,-0.007882920537517601,-0.017977528089887618,0.016574585635359185,0.0013051037914789145,94163966.0,3318128797.0,0.8739011799906559,0.12609882000934414,-0.007882920537517601,0.005333333333333338,-0.0018644067796610073,-3550.8474576271187,0.035082632647144125,0.4710743801652892,intraday_1400_v1,t1_close_vs_1400_v1,2026-08-17 20:05:48
20260422,600150.SH,14:00,36.43,20260423,38.6,0.059566291517979764,1,0,0,0,0.011944444444444535,0.0025015211765710976,-0.005731441048034913,0.014763231197771676,0.0010406892313790514,71699580.0,2605497991.0,0.7284972799003844,0.2715027200996156,0.0025015211765710976,0.0032500000000000046,0.0006779661016949008,-7742.237288135593,0.02055555555555561,0.7162162162162158,intraday_1400_v1,t1_close_vs_1400_v1,2026-08-17 20:05:48
20251117,600150.SH,14:00,34.62,20251118,34.02,-0.017331022530329143,0,1,0,0,-0.005172413793103403,-0.008842088909255752,-0.015918135304150205,0.0005780346820807303,0.0009202744479575367,68859100.0,2405168758.0,0.893916475818011,0.10608352418198902,-0.008842088909255752,-0.0011666666666666713,-0.001355932203389922,-7050.254237288135,0.016666666666666618,0.034482758620682896,intraday_1400_v1,t1_close_vs_1400_v1,2026-08-17 20:05:48
20260210,600150.SH,14:00,34.75,20260211,34.99,0.0069064748201439485,1,0,0,0,0.018464243845252026,0.010259372293107694,-0.0028694404591105283,0.024771453848422498,0.0011440566995465514,66624416.0,2291687184.0,0.6677086520353139,0.3322913479646861,0.010259372293107694,0.0024166666666666594,0.006610169491525433,-8366.610169491525,0.02754982415005876,0.8936170212765948,intraday_1400_v1,t1_close_vs_1400_v1,2026-08-17 20:05:48
20260624,600150.SH,14:00,35.44,20260625,35.33,-0.003103837471783333,0,1,0,0,-0.010332309410779228,-0.009929962384813695,-0.027442371020856227,0.003966005665722472,0.0014334519145107008,67767905.0,2425782482.0,0.7919198918721185,0.20808010812788147,-0.009929962384813695,-0.0015833333333333736,-0.0027118644067797236,-10970.983050847457,0.03183468304942755,0.12280701754386009,intraday_1400_v1,t1_close_vs_1400_v1,2026-08-17 20:05:48
20260615,600150.SH,14:00,35.75,20260616,35.99,0.006713286713286859,1,0,0,0,0.011315417256011262,-0.0030276218665803434,-0.018665934669228612,0.011315417256011262,0.0015245142781833523,99534856.0,3569177221.0,0.8298398904600817,0.17016010953991836,-0.0030276218665803434,0.0032500000000000046,-0.0018644067796610073,-5659.881355932203,0.0305516265912305,0.37037037037036963,intraday_1400_v1,t1_close_vs_1400_v1,2026-08-17 20:05:48
20260508,600150.SH,14:00,41.12,20260511,41.18,0.0014591439688715901,1,0,1,0,0.012807881773398977,0.0060990723066904895,-0.016267942583732098,0.029802153769095785,0.001695545739346722,108478708.0,4433603604.0,0.849995116092275,0.150004883907725,0.0060990723066904895,0.005999999999999991,-0.0035593220338983197,-20733.508474576272,0.046059113300492546,0.636363636363636,intraday_1400_v1,t1_close_vs_1400_v1,2026-08-17 20:05:48
20260813,600150.SH,14:00,34.03,20260814,33.42,-0.017925359976491362,0,1,0,0,0.004427390791027053,0.0006198867616755699,-0.007871720116617964,0.008595139300533461,0.001041132981953847,49655755.0,1688738516.0,0.6922089493956944,0.30779105060430556,0.0006198867616755699,0.0014166666666666217,0.0006779661016949008,-2183.169491525424,0.016528925619834565,0.5178571428571458,intraday_1400_v1,t1_close_vs_1400_v1,2026-08-17 20:05:48
20260703,600150.SH,14:00,36.99,20260706,37.64,0.0175723168423898,1,0,0,0,0.06293103448275872,0.027137504195712703,-0.0008103727714748876,0.06293103448275872,0.002350951971496869,142118279.0,5118063666.0,0.603159203750279,0.39684079624972096,0.027137504195712703,0.009083333333333362,0.01661016949152549,6360.728813559322,0.06379310344827605,0.986486486486486,intraday_1400_v1,t1_close_vs_1400_v1,2026-08-17 20:05:48
20260611,600150.SH,14:00,34.42,20260612,34.89,0.013654851830331216,1,0,0,0,-0.009496402877697818,-0.0008171266734415816,-0.014600629831090672,0.007906295754026349,0.0011665716479329132,47854711.0,1648506191.0,0.7692712426995955,0.23072875730040454,-0.0008171266734415816,-0.0032500000000000046,-0.0003389830508473902,-11129.457627118643,0.02244604316546766,0.34615384615384964,intraday_1400_v1,t1_close_vs_1400_v1,2026-08-17 20:05:48
20260108,600150.SH,14:00,36.14,20260109,35.77,-0.010237963475373424,0,1,0,0,0.04844792573252099,0.014633387040066337,-0.0024841291747169647,0.049056603773584895,0.0015161565984177197,126174676.0,4494187604.0,0.7629675387476327,0.23703246125236732,0.014633387040066337,0.011166666666666636,0.005254237288135632,-12813.203389830509,0.05163910646939351,0.9494382022471929,intraday_1400_v1,t1_close_vs_1400_v1,2026-08-17 20:05:48
20260513,600150.SH,14:00,41.57,20260514,40.22,-0.03247534279528508,0,1,0,0,0.023891625615763523,-0.0014956027156640683,-0.011179828734538488,0.023891625615763523,0.002031594828639905,124042609.0,5164174810.0,0.7739268205814664,0.22607317941853353,-0.0014956027156640683,0.010249999999999974,-0.005593220338983022,-32955.220338983054,0.03546798029556644,0.6736111111111114,intraday_1400_v1,t1_close_vs_1400_v1,2026-08-17 20:05:48
20260306,600150.SH,14:00,39.0,20260309,37.32,-0.043076923076923124,0,1,0,0,0.011673151750972943,-0.0014233204506447494,-0.011406844106463976,0.014832162373145996,0.001342147493461002,83804404.0,3273030327.0,0.841693092883281,0.15830690711671908,-0.0014233204506447494,0.004250000000000043,0.0001694915254236951,-27698.033898305086,0.02645914396887168,0.5588235294117633,intraday_1400_v1,t1_close_vs_1400_v1,2026-08-17 20:05:48
20251201,600150.SH,14:00,34.33,20251202,34.36,0.0008738712496358936,1,0,1,0,0.0020431990659661725,0.0014716491922892594,-0.002904443799012557,0.004976580796252961,0.0005964418703344883,34545780.0,1184213880.0,0.8404710792461482,0.15952892075385183,0.0014716491922892594,0.0009166666666666619,-0.0006779661016949008,-2554.2033898305085,0.007880910683012351,0.6296296296296287,intraday_1400_v1,t1_close_vs_1400_v1,2026-08-17 20:05:48
20260302,600150.SH,14:00,38.04,20260303,37.57,-0.012355415352260701,0,1,0,0,-0.0015748031496063408,0.0019526548400383703,-0.008858780614903639,0.009822139633660631,0.0013679770342204212,94120824.0,3573378570.0,0.8244576885557228,0.1755423114442772,0.0019526548400383703,-0.001249999999999988,0.0001694915254236951,-15184.406779661016,0.01863517060367456,0.521126760563376,intraday_1400_v1,t1_close_vs_1400_v1,2026-08-17 20:05:48
20260123,600150.SH,14:00,35.67,20260126,35.34,-0.009251471825063029,0,1,0,0,-0.011089548100914892,-0.008633717477308456,-0.027004909983633252,0.002529510961214232,0.0010191265459779586,89454535.0,3218632023.0,0.7973131378973688,0.20268686210263123,-0.008633717477308456,-0.002499999999999976,-0.0008474576271185959,-9589.152542372882,0.02994177987247015,0.08333333333333662,intraday_1400_v1,t1_close_vs_1400_v1,2026-08-17 20:05:48
20260311,600150.SH,14:00,36.55,20260312,36.0,-0.015047879616962967,0,1,0,0,-0.012429073223453102,-0.003905529882622605,-0.014559180372068159,0.00494913390156726,0.0009691984484393518,66274340.0,2431824691.0,0.7542685600490325,0.24573143995096744,-0.003905529882622605,-0.003416666666666638,-0.0010169491525424115,-25105.271186440677,0.019454201567144176,0.24999999999999753,intraday_1400_v1,t1_close_vs_1400_v1,2026-08-17 20:05:48
20251216,600150.SH,14:00,32.86,20251217,32.95,0.002738892270237381,1,0,0,0,-0.028385570668243654,-0.006415326185011283,-0.028385570668243654,0.0015239256324290906,0.0009237235618097734,57052242.0,1886841375.0,0.8545907275650972,0.14540927243490273,-0.006415326185011283,-0.008083333333333324,0.0003389830508473902,-3986.1525423728813,0.029863985807214607,0.04950495049504679,intraday_1400_v1,t1_close_vs_1400_v1,2026-08-17 20:05:48
20260226,600150.SH,14:00,37.95,20260227,37.75,-0.005270092226614009,0,1,0,0,0.0,-9.160705913913159e-05,-0.00654450261780104,0.0071656050955415385,0.0010370942062023767,66839586.0,2536794677.0,0.7989607386257599,0.2010392613742401,-9.160705913913159e-05,0.0014166666666666217,-0.0018644067796610073,-13437.457627118643,0.013702239789196392,0.5192307692307722,intraday_1400_v1,t1_close_vs_1400_v1,2026-08-17 20:05:48
20260717,600150.SH,14:00,32.49,20260720,33.01,0.016004924592182057,1,0,0,0,-0.006118078923218029,0.0018907808510169044,-0.01186131386861311,0.011519302615193183,0.0015509691243045071,74454275.0,2414454191.0,0.7326482193265599,0.2673517806734402,0.0018907808510169044,0.0,-0.001016949152542291,-3116.406779661017,0.023248699908228976,0.4868421052631606,intraday_1400_v1,t1_close_vs_1400_v1,2026-08-17 20:05:48
20260629,600150.SH,14:00,33.68,20260630,33.79,0.0032660332541567527,1,0,0,0,0.0098950524737631,0.011885832601068902,-0.006196518146945995,0.024642531183449945,0.0021523132945381255,75446515.0,2511191029.0,0.7757970663058459,0.22420293369415406,0.011885832601068902,0.0013333333333333049,0.006101694915254228,-13275.152542372882,0.030584707646177003,0.7941176470588234,intraday_1400_v1,t1_close_vs_1400_v1,2026-08-17 20:05:48
20260623,600150.SH,14:00,36.0,20260624,35.35,-0.01805555555555549,0,1,0,0,-0.040000000000000036,-0.02318464947762855,-0.05063291139240511,0.0005558643690939391,0.0015740086170052095,95348434.0,3514014826.0,0.7460798674470102,0.2539201325529898,-0.02318464947762855,-0.007000000000000029,-0.0077966101694915396,-15502.372881355932,0.051733333333333464,0.01030927835051705,intraday_1400_v1,t1_close_vs_1400_v1,2026-08-17 20:05:48
20260630,600150.SH,14:00,33.68,20260701,35.19,0.04483372921615203,1,0,0,0,0.011411411411411443,0.004792462469661363,-0.019790454016297976,0.024954351795495988,0.0017118733832654487,75385285.0,2526866486.0,0.8017217020536568,0.19827829794634325,0.004792462469661363,0.008000000000000007,-0.006610169491525433,-21759.389830508473,0.04504504504504505,0.5466666666666669,intraday_1400_v1,t1_close_vs_1400_v1,2026-08-17 20:05:48
20260618,600150.SH,14:00,36.23,20260622,37.33,0.030361578802097666,1,0,0,0,-0.0213398163155053,-0.008676392780138986,-0.032059845044082325,0.014277715565509386,0.0017448296377228039,95878146.0,3504067899.0,0.7830046692809434,0.21699533071905666,-0.008676392780138986,-0.008250000000000016,0.005423728813559327,-62890.186440677964,0.04619124797406809,0.2982456140350864,intraday_1400_v1,t1_close_vs_1400_v1,2026-08-17 20:05:48
20260716,600150.SH,14:00,33.22,20260717,32.34,-0.026490066225165476,0,1,0,0,-0.023228462216994927,-0.006083632434770725,-0.024375917767988198,0.004232164449818665,0.001290694715019686,92532551.0,3092746477.0,0.7040344429713172,0.2959655570286828,-0.006083632434770725,-0.005166666666666645,-0.002203389830508518,-7942.932203389831,0.028521023228462186,0.14432989690721726,intraday_1400_v1,t1_close_vs_1400_v1,2026-08-17 20:05:48
20260625,600150.SH,14:00,35.06,20260626,33.4,-0.04734740444951524,0,1,0,0,-0.0008549444286122254,-0.00868159269708424,-0.02502780867630694,0.008340523439746894,0.002059685378905907,74565352.0,2637155955.0,0.77861134485089,0.22138865514911,-0.00868159269708424,0.004499999999999993,-0.007966101694915234,-7409.796610169492,0.033912795668281495,0.24369747899159638,intraday_1400_v1,t1_close_vs_1400_v1,2026-08-17 20:05:48
20260810,600150.SH,14:00,34.74,20260811,33.97,-0.022164651698330595,0,1,0,0,-0.0008628127696290733,-0.005490803431662528,-0.015306122448979553,0.0025974025974027093,0.0011266754448837045,60084668.0,2098865826.0,0.8169518719817175,0.18304812801828246,-0.005490803431662528,-0.0001666666666666927,0.00016949152542381553,-3838.237288135593,0.018119068162208873,0.14285714285714768,intraday_1400_v1,t1_close_vs_1400_v1,2026-08-17 20:05:48
20260707,600150.SH,14:00,37.22,20260708,35.98,-0.03331542181622793,0,1,0,0,-0.011158342189160564,-0.004981339162565046,-0.02514405447878476,0.007307171853856431,0.0018771626220544103,79323047.0,2967184361.0,0.7773958683155476,0.2226041316844523,-0.004981339162565046,-0.0033333333333333214,-0.0018644067796610073,-29921.830508474577,0.032678002125398425,0.21951219512194856,intraday_1400_v1,t1_close_vs_1400_v1,2026-08-17 20:05:48
20260714,600150.SH,14:00,33.5,20260715,34.31,0.024179104477612068,1,0,0,0,-0.01932084309133475,-0.009849186572094548,-0.034025374855824686,0.012696493349455995,0.0022737718213371822,129839354.0,4392884700.0,0.8241336444110774,0.1758663555889226,-0.009849186572094548,-0.0065833333333333265,0.0005084745762712057,-11946.254237288136,0.046838407494145244,0.26250000000000084,intraday_1400_v1,t1_close_vs_1400_v1,2026-08-17 20:05:48
20260811,600150.SH,14:00,34.29,20260812,33.89,-0.011665208515602155,0,1,0,0,-0.014655172413792994,-0.008525895668283878,-0.021124750214102206,0.0014602803738317238,0.0009941591263016257,69364273.0,2398954154.0,0.6911562671463449,0.3088437328536551,-0.008525895668283878,-0.0019166666666666405,-0.003220338983050809,-28599.745762711864,0.022701149425287333,0.0632911392405028,intraday_1400_v1,t1_close_vs_1400_v1,2026-08-17 20:05:48
20260710,600150.SH,14:00,37.07,20260713,34.21,-0.0771513353115727,0,1,0,0,0.029722222222222205,-0.005594731002688036,-0.031102979613172987,0.037503498460677465,0.002552386465597502,156401404.0,5830419676.0,0.7077591515738567,0.2922408484261433,-0.005594731002688036,0.015249999999999986,-0.015423728813559264,-76618.44067796611,0.07027777777777781,0.5296442687747047,intraday_1400_v1,t1_close_vs_1400_v1,2026-08-17 20:05:48
20260722,600150.SH,14:00,33.02,20260723,33.76,0.02241066020593574,1,0,0,0,0.0042579075425790425,-0.009038496784784966,-0.023076923076922884,0.010713192531374371,0.0016015571555573309,89691498.0,2988625950.0,0.8295249233098995,0.17047507669010054,-0.009038496784784966,0.0038333333333333405,-0.0028813559322032984,-17304.169491525423,0.03436739659367383,0.30973451327433876,intraday_1400_v1,t1_close_vs_1400_v1,2026-08-17 20:05:48
20260812,600150.SH,14:00,33.9,20260813,33.78,-0.003539823008849474,0,1,0,0,0.004146919431279539,0.0058198734618222225,0.0,0.011638316920322245,0.0009257435409324639,49726963.0,1675989996.0,0.7911724671382002,0.20882753286179975,0.0058198734618222225,0.0001666666666666927,0.002542372881355908,-7224.6949152542375,0.011552132701421818,1.0,intraday_1400_v1,t1_close_vs_1400_v1,2026-08-17 20:05:48
20260713,600150.SH,14:00,34.46,20260714,33.77,-0.020023215322112486,0,1,0,0,-0.0671358960476447,-0.0029991965246938257,-0.0671358960476447,0.020432336393248374,0.002800912260761426,192870346.0,6666305684.0,0.8485856866767896,0.1514143133232104,-0.0029991965246938257,-0.024249999999999973,0.009661016949152548,-46781.35593220339,0.08581483486735232,0.21766561514195548,intraday_1400_v1,t1_close_vs_1400_v1,2026-08-17 20:05:48
20260806,600150.SH,14:00,34.7,20260807,34.85,0.004322766570605152,1,0,0,0,-0.005730659025787843,-0.002642965802968522,-0.011958997722095521,0.004632310364794501,0.0009203574667648958,54766090.0,1905419281.0,0.8457148392371995,0.1542851607628005,-0.002642965802968522,-0.002499999999999976,0.0010169491525424115,-4316.949152542373,0.01661891117478505,0.2758620689655244,intraday_1400_v1,t1_close_vs_1400_v1,2026-08-17 20:05:48
20260721,600150.SH,14:00,32.91,20260722,33.02,0.0033424491036160298,1,0,0,0,-0.023442136498516453,-0.0008147185767461984,-0.023442136498516453,0.011370620774431295,0.0018826471779399508,76738724.0,2527530633.0,0.8120291392908748,0.18797086070912516,-0.0008147185767461984,-0.008916666666666668,0.006101694915254228,-24632.20338983051,0.034421364985163315,0.31896551724137606,intraday_1400_v1,t1_close_vs_1400_v1,2026-08-17 20:05:48
20260715,600150.SH,14:00,34.08,20260716,33.0,-0.03169014084507038,0,1,0,0,0.015797317436661684,0.002759850061045732,-0.008726003490401535,0.022502250225022502,0.0016005156316458782,78111740.0,2654721466.0,0.7996381337811704,0.2003618662188296,0.002759850061045732,0.0036666666666666475,0.0016949152542373122,-10713.796610169491,0.031296572280178965,0.7142857142857114,intraday_1400_v1,t1_close_vs_1400_v1,2026-08-17 20:05:48
20260626,600150.SH,14:00,33.71,20260629,33.59,-0.003559774547611916,0,1,0,0,-0.04232954545454548,-0.006869964245139526,-0.044771890053839525,0.01505570611261664,0.001540989773613677,100573108.0,3413771962.0,0.8345675963399679,0.16543240366003206,-0.006869964245139526,-0.015166666666666669,0.005593220338983022,-30034.406779661018,0.059090909090909034,0.24038461538461559,intraday_1400_v1,t1_close_vs_1400_v1,2026-08-17 20:05:48
20260701,600150.SH,14:00,35.18,20260702,34.36,-0.023308698123934102,0,1,0,0,0.04113643089671504,0.006980147446939977,-0.019509476031215223,0.0454680534918277,0.0022713597891485405,113160922.0,3953405880.0,0.7186040866651828,0.2813959133348171,0.006980147446939977,0.011750000000000031,0.0006779661016949008,-11943.118644067798,0.06599585676235585,0.6860986547085195,intraday_1400_v1,t1_close_vs_1400_v1,2026-08-17 20:05:48
20260728,600150.SH,14:00,33.49,20260729,34.73,0.03702597790385176,1,0,0,0,0.011171497584541168,0.006063532970246088,-0.010927347903130435,0.017623822546338763,0.0013965829012798584,68634946.0,2284730801.0,0.8353821827149103,0.16461781728508973,0.006063532970246088,0.0021666666666667095,0.002203389830508518,-8387.35593220339,0.028683574879227142,0.6105263157894776,intraday_1400_v1,t1_close_vs_1400_v1,2026-08-17 20:05:48
20260804,600150.SH,14:00,34.59,20260805,35.2,0.01763515466897947,1,0,0,0,-0.009733753220727115,-0.000773825509238546,-0.013124108416547653,0.00552325581395352,0.0009099943746765399,55468399.0,1920137773.0,0.7764541392297982,0.22354586077020178,-0.000773825509238546,-0.0020833333333333333,-0.0006779661016949008,-5254.237288135593,0.01860864586315484,0.2923076923077004,intraday_1400_v1,t1_close_vs_1400_v1,2026-08-17 20:05:48
20260727,600150.SH,14:00,33.35,20260728,33.49,0.004197901049475261,1,0,0,0,0.0015015015015016342,0.0025422988954995063,-0.005961251862891093,0.012139605462822445,0.0012910063696073368,46571804.0,1549231055.0,0.808197788515987,0.19180221148401294,0.0025422988954995063,-0.0006666666666666524,0.002372881355932213,-8117.610169491525,0.018018018018017848,0.6666666666666706,intraday_1400_v1,t1_close_vs_1400_v1,2026-08-17 20:05:48
20260731,600150.SH,14:00,35.14,20260803,35.1,-0.0011383039271485318,0,1,1,0,0.023594523740169127,0.008130075790809155,-0.001988071570576566,0.027485380116959002,0.0014406187101825346,77301354.0,2694463388.0,0.7779396205660253,0.22206037943397472,0.008130075790809155,0.004166666666666667,0.004745762711864426,-2542.8813559322034,0.029420332071074806,0.9306930693069303,intraday_1400_v1,t1_close_vs_1400_v1,2026-08-17 20:05:48
20260720,600150.SH,14:00,32.74,20260721,32.96,0.006719609040928498,1,0,0,0,0.014250309789343163,-0.00020522419057344976,-0.012665862484921409,0.019937694704049935,0.0017284190583189175,79249610.0,2595164822.0,0.6988073758344048,0.3011926241655953,-0.00020522419057344976,0.00408333333333335,-0.0018644067796610073,-2492.271186440678,0.03283767038413864,0.6037735849056637,intraday_1400_v1,t1_close_vs_1400_v1,2026-08-17 20:05:48
20260729,600150.SH,14:00,34.74,20260730,34.63,-0.0031663788140472438,0,1,0,0,0.024778761061946986,0.012323250156317966,-0.0062929061784896545,0.031166518254675202,0.0017209358170742633,116734886.0,4006002963.0,0.8064119581185011,0.1935880418814989,0.012323250156317966,0.007000000000000029,0.0037288135593220146,-16851.77966101695,0.037463126843657914,0.8267716535433084,intraday_1400_v1,t1_close_vs_1400_v1,2026-08-17 20:05:48
20260622,600150.SH,14:00,37.05,20260623,35.81,-0.03346828609986496,0,1,0,0,0.03203342618384397,0.015270765208140746,-0.0040322580645162365,0.04366197183098586,0.0021983489978613076,100662031.0,3673432129.0,0.700945314723483,0.299054685276517,0.015270765208140746,0.0056666666666666645,0.006440677966101618,-15718.559322033898,0.047353760445682534,0.9117647058823497,intraday_1400_v1,t1_close_vs_1400_v1,2026-08-17 20:05:48
20260724,600150.SH,14:00,33.19,20260727,33.53,0.01024404941247381,1,0,0,0,-0.01513353115727023,-0.008875434524486359,-0.020076764098021838,0.0006029544769368123,0.0013344142031685667,56165449.0,1880824386.0,0.7228817488844431,0.2771182511155568,-0.008875434524486359,-0.0020000000000000165,-0.00389830508474583,1308.4745762711864,0.020771513353115598,0.02857142857142306,intraday_1400_v1,t1_close_vs_1400_v1,2026-08-17 20:05:48
20260803,600150.SH,14:00,34.91,20260804,34.48,-0.012317387568032023,0,1,0,0,-0.0031410622501429897,0.0023249128266342733,-0.005413105413105579,0.00837666088965916,0.0010231671915505384,49034713.0,1707831272.0,0.7874337104817969,0.21256628951820317,0.0023249128266342733,-0.0023333333333333426,0.004067796610169405,-34149.69491525424,0.013706453455168587,0.6041666666666599,intraday_1400_v1,t1_close_vs_1400_v1,2026-08-17 20:05:48
20260730,600150.SH,14:00,34.52,20260731,35.18,0.019119351100810977,1,0,0,0,-0.003176436615651146,0.0007599920318459574,-0.006046645551396335,0.005827505827505908,0.0011314456779285887,63298695.0,2183411576.0,0.7932750746283158,0.20672492537168422,0.0007599920318459574,-0.001000000000000038,0.001355932203389922,-13272.440677966102,0.011839445567426986,0.48780487804879147,intraday_1400_v1,t1_close_vs_1400_v1,2026-08-17 20:05:48
20260709,600150.SH,14:00,35.63,20260710,37.04,0.03957339320797071,1,0,0,0,-0.01000277854959708,0.0027803437387585728,-0.02730002730002734,0.018000000000000016,0.002040307890599643,90599939.0,3219125551.0,0.8080246831071266,0.1919753168928734,0.0027803437387585728,-0.005583333333333347,0.0035593220338983197,-8758.186440677966,0.045290358432898095,0.38650306748466356,intraday_1400_v1,t1_close_vs_1400_v1,2026-08-17 20:05:48
20260706,600150.SH,14:00,37.84,20260707,37.33,-0.013477801268499068,0,1,0,0,0.024086603518267857,0.003543408779395296,-0.006563402467839374,0.024086603518267857,0.002395980402630151,126652324.0,4775602030.0,0.8075328487458312,0.19246715125416886,0.003543408779395296,0.003999999999999974,0.005084745762711937,-25590.305084745763,0.030852503382949946,0.780701754385965,intraday_1400_v1,t1_close_vs_1400_v1,2026-08-17 20:05:48
20260723,600150.SH,14:00,33.69,20260724,33.06,-0.018699910952804877,0,1,0,0,0.012623985572587815,0.01173087674021267,-0.005314437555358764,0.030905752753978,0.001472628469128489,89620464.0,2984304919.0,0.7192788914817491,0.28072110851825094,0.01173087674021267,0.001249999999999988,0.00423728813559322,-4742.067796610169,0.03576795912233236,0.8487394957983193,intraday_1400_v1,t1_close_vs_1400_v1,2026-08-17 20:05:48
20260807,600150.SH,14:00,34.8,20260810,34.83,0.0008620689655172153,1,0,1,0,-0.002865329512893977,-0.005438176739902212,-0.015558698727015652,0.0063620589936379535,0.00114343318632256,76545375.0,2678344360.0,0.6560693444901146,0.3439306555098855,-0.005438176739902212,0.0009999999999999788,-0.0016949152542373122,-16681.35593220339,0.022063037249283757,0.2857142857142831,intraday_1400_v1,t1_close_vs_1400_v1,2026-08-17 20:05:48
20260805,600150.SH,14:00,35.2,20260806,34.9,-0.008522727272727404,0,1,0,0,0.01763515466897947,0.010505318994553203,-0.0028328611898015277,0.029239766081871288,0.0011486006638712326,77940758.0,2714992816.0,0.7163758787154726,0.2836241212845274,0.010505318994553203,0.003833333333333281,0.00389830508474583,-9928.305084745763,0.03180109858340544,0.9090909090909138,intraday_1400_v1,t1_close_vs_1400_v1,2026-08-17 20:05:48
20260624,600150.SH,14:00,35.44,20260625,35.33,-0.003103837471783333,0,1,0,0,-0.010332309410779228,-0.009929962384813695,-0.027442371020856227,0.003966005665722472,0.0014334519145107008,67767905.0,2425782482.0,0.7919198918721185,0.20808010812788147,-0.009929962384813695,-0.0015833333333333736,-0.0027118644067797236,-10970.983050847457,0.03183468304942755,0.12280701754386009,intraday_1400_v1,t1_close_vs_1400_v1,2026-08-17 20:05:48
20260813,600150.SH,14:00,34.03,20260814,33.42,-0.017925359976491362,0,1,0,0,0.004427390791027053,0.0006198867616755699,-0.007871720116617964,0.008595139300533461,0.001041132981953847,49655755.0,1688738516.0,0.6922089493956944,0.30779105060430556,0.0006198867616755699,0.0014166666666666217,0.0006779661016949008,-2183.169491525424,0.016528925619834565,0.5178571428571458,intraday_1400_v1,t1_close_vs_1400_v1,2026-08-17 20:05:48
20260703,600150.SH,14:00,36.99,20260706,37.64,0.0175723168423898,1,0,0,0,0.06293103448275872,0.027137504195712703,-0.0008103727714748876,0.06293103448275872,0.002350951971496869,142118279.0,5118063666.0,0.603159203750279,0.39684079624972096,0.027137504195712703,0.009083333333333362,0.01661016949152549,6360.728813559322,0.06379310344827605,0.986486486486486,intraday_1400_v1,t1_close_vs_1400_v1,2026-08-17 20:05:48
